index,input,MPFR,Posit64,Double,winner
0,0.0733514,0.023306744406881622,0.023306744406881622,0.023306744406881619,Posit
1,0.106708,0.033838119030651011,0.033838119030651012,0.033838119030651016,Posit
2,0.170082,0.053625541239841575,0.053625541239841577,0.053625541239841583,Posit
3,0.126067,0.039917906852421906,0.039917906852421907,0.039917906852421907,EQUAL
4,0.411872,0.124363255140057455,0.124363255140057460,0.124363255140057458,Double
5,0.283737,0.088003399217975044,0.088003399217975047,0.088003399217975037,Posit
6,0.128245,0.040600168531425738,0.040600168531425739,0.040600168531425743,Posit
7,0.893389,0.232095754591214557,0.232095754591214566,0.232095754591214565,Double
8,0.491309,0.145362860420674869,0.145362860420674874,0.145362860420674866,Double
9,0.140233,0.044348283232973593,0.044348283232973594,0.044348283232973594,EQUAL
10,0.0682595,0.021694018407579265,0.021694018407579265,0.021694018407579268,Posit
11,0.711076,0.196753941102030542,0.196753941102030549,0.196753941102030566,Posit
12,0.150822,0.047648964756444450,0.047648964756444452,0.047648964756444451,Double
13,0.982095,0.247124647834368425,0.247124647834368434,0.247124647834368438,Posit
14,0.859946,0.226076489529916191,0.226076489529916200,0.226076489529916186,Double
15,0.841819,0.222729415109273561,0.222729415109273570,0.222729415109273576,Posit
16,0.667369,0.187321815336352937,0.187321815336352944,0.187321815336352948,Posit
17,0.594892,0.170822693440140598,0.170822693440140604,0.170822693440140588,Posit
18,0.262199,0.081623063658601279,0.081623063658601282,0.081623063658601280,Double
19,0.581489,0.167653029208589673,0.167653029208589679,0.167653029208589655,Posit
20,0.827903,0.220119157559746521,0.220119157559746529,0.220119157559746537,Posit
21,0.535266,0.156436771360768944,0.156436771360768950,0.156436771360768945,Double
22,0.236068,0.073791860952813601,0.073791860952813603,0.073791860952813607,Posit
23,0.898811,0.233053144631064827,0.233053144631064836,0.233053144631064829,Double
24,0.834709,0.221400246659012189,0.221400246659012198,0.221400246659012173,Posit
25,0.0412237,0.013114481760470508,0.013114481760470508,0.013114481760470510,Posit
26,0.325617,0.100200798338151274,0.100200798338151278,0.100200798338151278,EQUAL
27,0.56844,0.164531239530588772,0.164531239530588778,0.164531239530588791,Posit
28,0.198621,0.062410906860835602,0.062410906860835604,0.062410906860835606,Posit
29,0.391982,0.118912666692811399,0.118912666692811403,0.118912666692811392,Posit
30,0.00701742,0.002233677305570379,0.002233677305570379,0.002233677305570380,Posit
31,0.503746,0.148536007572574543,0.148536007572574548,0.148536007572574541,Double
32,0.0024912,0.000792972555588553,0.000792972555588553,0.000792972555588553,EQUAL
33,0.899067,0.233098101814220865,0.233098101814220874,0.233098101814220859,Double
34,0.326106,0.100341314404323631,0.100341314404323635,0.100341314404323631,Double
35,0.0484364,0.015405745379734427,0.015405745379734427,0.015405745379734426,Posit
36,0.311008,0.095978277960927932,0.095978277960927935,0.095978277960927935,EQUAL
37,0.941014,0.240329798061556752,0.240329798061556761,0.240329798061556771,Posit
38,0.149496,0.047236158690118761,0.047236158690118763,0.047236158690118768,Posit
39,0.862247,0.226496916726907723,0.226496916726907731,0.226496916726907721,Double
40,0.777976,0.210455957716712785,0.210455957716712793,0.210455957716712799,Posit
41,0.0242344,0.007712542870016915,0.007712542870016915,0.007712542870016915,EQUAL
42,0.914716,0.235831467149029496,0.235831467149029505,0.235831467149029528,Posit
43,0.0674584,0.021440208018265101,0.021440208018265101,0.021440208018265100,Posit
44,0.885641,0.230718901465280365,0.230718901465280373,0.230718901465280374,Posit
45,0.866601,0.227290271460803654,0.227290271460803662,0.227290271460803661,Double
46,0.221955,0.069523499312896278,0.069523499312896280,0.069523499312896281,Posit
47,0.371871,0.113326041909054534,0.113326041909054538,0.113326041909054542,Posit
48,0.271517,0.084392017371366143,0.084392017371366146,0.084392017371366132,Posit
49,0.48726,0.144322989000218433,0.144322989000218439,0.144322989000218449,Posit
50,0.400253,0.121188378182166013,0.121188378182166018,0.121188378182166032,Posit
51,0.14588,0.046109944877929319,0.046109944877929320,0.046109944877929319,Double
52,0.103394,0.032794863901058234,0.032794863901058235,0.032794863901058235,EQUAL
53,0.615381,0.175596299830535716,0.175596299830535722,0.175596299830535735,Posit
54,0.913099,0.235550936475201331,0.235550936475201340,0.235550936475201339,Double
55,0.715871,0.197765512786535273,0.197765512786535280,0.197765512786535286,Posit
56,0.970535,0.245240690755335956,0.245240690755335965,0.245240690755335972,Posit
57,0.0137037,0.004361738355362851,0.004361738355362850,0.004361738355362851,Double
58,0.196245,0.061682780640908976,0.061682780640908977,0.061682780640908978,Posit
59,0.439432,0.131790196010724771,0.131790196010724775,0.131790196010724781,Posit
60,0.93635,0.239540502294495066,0.239540502294495075,0.239540502294495083,Posit
61,0.588289,0.169265621934185853,0.169265621934185859,0.169265621934185845,Posit
62,0.901938,0.233602753450675036,0.233602753450675044,0.233602753450675021,Posit
63,0.408583,0.123467043637409768,0.123467043637409773,0.123467043637409776,Posit
64,0.218197,0.068382620471697122,0.068382620471697124,0.068382620471697117,Posit
65,0.1086,0.034433615335324374,0.034433615335324374,0.034433615335324373,Posit
66,0.632963,0.179623984292274912,0.179623984292274918,0.179623984292274913,Double
67,0.626051,0.178048197370737662,0.178048197370737669,0.178048197370737682,Posit
68,0.67929,0.189932589818632241,0.189932589818632248,0.189932589818632258,Posit
69,0.659042,0.185480916286331729,0.185480916286331736,0.185480916286331732,Double
70,0.264016,0.082164131491845973,0.082164131491845976,0.082164131491845982,Posit
71,0.0294006,0.009355809358492735,0.009355809358492735,0.009355809358492735,EQUAL
72,0.917228,0.236266265749393920,0.236266265749393929,0.236266265749393939,Posit
73,0.589494,0.169550599182246503,0.169550599182246509,0.169550599182246492,Posit
74,0.920327,0.236801107662840211,0.236801107662840220,0.236801107662840238,Posit
75,0.776896,0.210241700785231828,0.210241700785231836,0.210241700785231828,Double
76,0.541262,0.157916580921234081,0.157916580921234087,0.157916580921234090,Posit
77,0.354349,0.108398507989170211,0.108398507989170215,0.108398507989170209,Double
78,0.507134,0.149395141859070397,0.149395141859070402,0.149395141859070407,Posit
79,0.142728,0.045127014176666257,0.045127014176666258,0.045127014176666258,EQUAL
80,0.854284,0.225037455653153946,0.225037455653153954,0.225037455653153945,Double
81,0.888558,0.231238676992769443,0.231238676992769451,0.231238676992769454,Posit
82,0.591674,0.170064911705484631,0.170064911705484637,0.170064911705484628,Double
83,0.595307,0.170920208859735074,0.170920208859735080,0.170920208859735079,Double
84,0.0727858,0.023127669709329095,0.023127669709329096,0.023127669709329095,Double
85,0.514826,0.151336687404024922,0.151336687404024928,0.151336687404024922,Double
86,0.274708,0.085337156895064437,0.085337156895064441,0.085337156895064450,Posit
87,0.318834,0.098244752572752981,0.098244752572752984,0.098244752572752989,Posit
88,0.0515122,0.016382365365702898,0.016382365365702898,0.016382365365702898,EQUAL
89,0.657398,0.185115852133926379,0.185115852133926386,0.185115852133926395,Posit
90,0.908425,0.234737750334018571,0.234737750334018580,0.234737750334018586,Posit
91,0.35053,0.107317071175778369,0.107317071175778373,0.107317071175778378,Posit
92,0.445092,0.133296890702101221,0.133296890702101226,0.133296890702101239,Posit
93,0.173457,0.054669242865608557,0.054669242865608559,0.054669242865608557,Double
94,0.527378,0.154478679749046144,0.154478679749046150,0.154478679749046138,EQUAL
95,0.0280255,0.008918473869657120,0.008918473869657120,0.008918473869657120,EQUAL
96,0.676713,0.189370584242040860,0.189370584242040866,0.189370584242040868,Posit
97,0.214071,0.067127736810859494,0.067127736810859495,0.067127736810859498,Posit
98,0.349655,0.107068956840649022,0.107068956840649026,0.107068956840649016,Posit
99,0.188257,0.059230787434441699,0.059230787434441701,0.059230787434441705,Posit
100,0.0277856,0.008842151367722817,0.008842151367722817,0.008842151367722817,EQUAL
101,0.225103,0.070477693680180563,0.070477693680180565,0.070477693680180573,Posit
102,0.631009,0.179179357338351268,0.179179357338351274,0.179179357338351275,Posit
103,0.0351501,0.011184024122623531,0.011184024122623531,0.011184024122623532,Posit
104,0.112925,0.035793449101919812,0.035793449101919813,0.035793449101919811,EQUAL
105,0.923901,0.237415906272377741,0.237415906272377750,0.237415906272377769,Posit
106,0.0569191,0.018098369376666850,0.018098369376666851,0.018098369376666850,Double
107,0.930434,0.238534234798855178,0.238534234798855187,0.238534234798855188,Posit
108,0.303337,0.093747301343060789,0.093747301343060791,0.093747301343060793,Posit
109,0.835965,0.221635848609162698,0.221635848609162706,0.221635848609162689,Posit
110,0.629727,0.178887280785480223,0.178887280785480229,0.178887280785480218,Double
111,0.683744,0.190900766418123483,0.190900766418123490,0.190900766418123480,Double
112,0.772577,0.209382573310240905,0.209382573310240913,0.209382573310240905,Double
113,0.7278,0.200261838292369955,0.200261838292369962,0.200261838292369959,Double
114,0.496627,0.146723454752217482,0.146723454752217487,0.146723454752217486,Double
115,0.692575,0.192808407929639156,0.192808407929639163,0.192808407929639158,Double
116,0.0991416,0.031454950774756938,0.031454950774756938,0.031454950774756942,Posit
117,0.813663,0.217411021374485457,0.217411021374485465,0.217411021374485480,Posit
118,0.334095,0.102634592667849474,0.102634592667849478,0.102634592667849481,Posit
119,0.912976,0.235529571249550715,0.235529571249550724,0.235529571249550734,Posit
120,0.149284,0.047170361813385889,0.047170361813385891,0.047170361813385894,Posit
121,0.887198,0.230996524497295604,0.230996524497295613,0.230996524497295602,Double
122,0.430459,0.129388407778792195,0.129388407778792200,0.129388407778792180,Posit
123,0.564482,0.163577566207358528,0.163577566207358533,0.163577566207358527,Double
124,0.647901,0.182995714073799231,0.182995714073799238,0.182995714073799248,Posit
125,0.847538,0.223791993465622508,0.223791993465622516,0.223791993465622507,Double
126,0.589668,0.169591627193901785,0.169591627193901791,0.169591627193901778,Posit
127,0.328147,0.100928223927128254,0.100928223927128257,0.100928223927128261,Posit
128,0.60958,0.174253522625451840,0.174253522625451846,0.174253522625451851,Posit
129,0.944233,0.240872310481152307,0.240872310481152316,0.240872310481152319,Posit
130,0.953224,0.242378560096041693,0.242378560096041702,0.242378560096041695,Double
131,0.447885,0.134038275300884559,0.134038275300884563,0.134038275300884552,Posit
132,0.474481,0.141019115147560466,0.141019115147560471,0.141019115147560464,Double
133,0.642823,0.181854654995981725,0.181854654995981731,0.181854654995981718,Posit
134,0.866802,0.227326668482403914,0.227326668482403922,0.227326668482403904,Posit
135,0.924049,0.237441404833477742,0.237441404833477751,0.237441404833477754,Posit
136,0.902017,0.233616594067440434,0.233616594067440443,0.233616594067440453,Posit
137,0.937113,0.239669992557017918,0.239669992557017927,0.239669992557017930,Posit
138,0.324532,0.099888456043373258,0.099888456043373261,0.099888456043373264,Posit
139,0.208742,0.065504170449602925,0.065504170449602927,0.065504170449602939,Posit
140,0.524312,0.153714340103375370,0.153714340103375376,0.153714340103375369,Double
141,0.900715,0.233388010696911123,0.233388010696911132,0.233388010696911119,Double
142,0.643486,0.182004016741956997,0.182004016741957003,0.182004016741957014,Posit
143,0.596889,0.171291682176368705,0.171291682176368712,0.171291682176368698,EQUAL
144,0.80702,0.216134591889196655,0.216134591889196663,0.216134591889196676,Posit
145,0.520098,0.152660292303812557,0.152660292303812562,0.152660292303812561,Double
146,0.109477,0.034709345309293132,0.034709345309293132,0.034709345309293128,Posit
147,0.387348,0.117632062804626098,0.117632062804626102,0.117632062804626097,Double
148,0.445046,0.133284833149345821,0.133284833149345826,0.133284833149345833,Posit
149,0.734205,0.201590557204628574,0.201590557204628582,0.201590557204628568,Double
150,0.87772,0.229300380765273774,0.229300380765273783,0.229300380765273787,Posit
151,0.178628,0.056265687826405456,0.056265687826405458,0.056265687826405460,Posit
152,0.886453,0.230863830880265979,0.230863830880265987,0.230863830880265991,Posit
153,0.981952,0.247101477020624392,0.247101477020624401,0.247101477020624405,Posit
154,0.348722,0.106804446450315591,0.106804446450315595,0.106804446450315602,Posit
155,0.599753,0.171962937438834180,0.171962937438834187,0.171962937438834174,Double
156,0.58883,0.169393667565253233,0.169393667565253239,0.169393667565253259,Posit
157,0.954858,0.242650845581167299,0.242650845581167308,0.242650845581167313,Posit
158,0.21876,0.068553428442249451,0.068553428442249453,0.068553428442249459,Posit
159,0.41696,0.125745414408103799,0.125745414408103804,0.125745414408103801,Double
160,0.380002,0.115593811181993286,0.115593811181993290,0.115593811181993286,Double
161,0.992454,0.248794439241736149,0.248794439241736159,0.248794439241736165,Posit
162,0.54428,0.158658600965156184,0.158658600965156190,0.158658600965156188,Double
163,0.330534,0.101613685659350992,0.101613685659350996,0.101613685659351000,Posit
164,0.890524,0.231587902696276898,0.231587902696276907,0.231587902696276909,Posit
165,0.336316,0.103269980614361823,0.103269980614361826,0.103269980614361837,Posit
166,0.170338,0.053704751663480600,0.053704751663480601,0.053704751663480599,EQUAL
167,0.115605,0.036635642557202024,0.036635642557202025,0.036635642557202024,Double
168,0.353579,0.108180743542408494,0.108180743542408498,0.108180743542408503,Posit
169,0.312172,0.096316174308811731,0.096316174308811734,0.096316174308811744,Posit
170,0.970364,0.245212686990130741,0.245212686990130750,0.245212686990130740,Double
171,0.905621,0.234248090456702520,0.234248090456702528,0.234248090456702529,Posit
172,0.0662831,0.021067744970511949,0.021067744970511949,0.021067744970511951,Posit
173,0.194165,0.061044940813308911,0.061044940813308913,0.061044940813308912,Double
174,0.294787,0.091248969802549920,0.091248969802549923,0.091248969802549915,Posit
175,0.80096,0.214962914614749845,0.214962914614749853,0.214962914614749867,Posit
176,0.75175,0.205189015911300658,0.205189015911300665,0.205189015911300676,Posit
177,0.209777,0.065819765403674910,0.065819765403674912,0.065819765403674915,Posit
178,0.0512964,0.016313854276549458,0.016313854276549458,0.016313854276549460,Posit
179,0.950585,0.241937839009751876,0.241937839009751885,0.241937839009751882,Double
180,0.468645,0.139499461862511502,0.139499461862511507,0.139499461862511498,Double
181,0.60216,0.172526009519934666,0.172526009519934672,0.172526009519934687,Posit
182,0.563208,0.163269894049479816,0.163269894049479821,0.163269894049479836,Posit
183,0.491036,0.145292818983043927,0.145292818983043933,0.145292818983043942,Posit
184,0.219851,0.068884898951567588,0.068884898951567590,0.068884898951567589,Double
185,0.577478,0.166697083526321131,0.166697083526321137,0.166697083526321149,Posit
186,0.382728,0.116351283879112197,0.116351283879112201,0.116351283879112213,Posit
187,0.612874,0.175016994876605304,0.175016994876605311,0.175016994876605297,EQUAL
188,0.288755,0.089479517769742356,0.089479517769742359,0.089479517769742348,Posit
189,0.28261,0.087671125531605244,0.087671125531605247,0.087671125531605248,Posit
190,0.526132,0.154168329563938622,0.154168329563938628,0.154168329563938639,Posit
191,0.424549,0.127797865047011729,0.127797865047011733,0.127797865047011738,Posit
192,0.0710882,0.022590081082456405,0.022590081082456405,0.022590081082456404,Posit
193,0.143782,0.045455813678336274,0.045455813678336275,0.045455813678336281,Posit
194,0.193525,0.060848604816985723,0.060848604816985725,0.060848604816985723,Double
195,0.253597,0.079055798614951935,0.079055798614951938,0.079055798614951947,Posit
196,0.0872665,0.027707584483255910,0.027707584483255910,0.027707584483255911,Posit
197,0.996267,0.249404805973760326,0.249404805973760336,0.249404805973760330,Double
198,0.425777,0.128128720666825032,0.128128720666825036,0.128128720666825041,Posit
199,0.666391,0.187106383061756450,0.187106383061756457,0.187106383061756476,Posit
200,0.093304,0.029613839724906589,0.029613839724906590,0.029613839724906593,Posit
201,0.196888,0.061879817475203596,0.061879817475203598,0.061879817475203602,Posit
202,0.159805,0.050441137859043052,0.050441137859043054,0.050441137859043056,Posit
203,0.824469,0.219469523115083626,0.219469523115083634,0.219469523115083637,Posit
204,0.1345,0.042557202612612587,0.042557202612612588,0.042557202612612588,EQUAL
205,0.171217,0.053976753940238591,0.053976753940238593,0.053976753940238591,Double
206,0.664972,0.186793267652220899,0.186793267652220906,0.186793267652220901,Double
207,0.898388,0.232978572884280333,0.232978572884280341,0.232978572884280338,Double
208,0.966316,0.244547719437406604,0.244547719437406613,0.244547719437406608,Double
209,0.950986,0.242004855576700372,0.242004855576700381,0.242004855576700401,Posit
210,0.3664,0.111793423210975272,0.111793423210975275,0.111793423210975268,Posit
211,0.135828,0.042972423206139240,0.042972423206139241,0.042972423206139240,Double
212,0.0336745,0.010714885167306570,0.010714885167306570,0.010714885167306570,EQUAL
213,0.299858,0.092732202963867646,0.092732202963867649,0.092732202963867652,Posit
214,0.590787,0.169855822990480509,0.169855822990480515,0.169855822990480521,Posit
215,0.0622993,0.019804876526387301,0.019804876526387302,0.019804876526387301,Double
216,0.871674,0.228210112995838350,0.228210112995838358,0.228210112995838349,Double
217,0.240698,0.075186283611927767,0.075186283611927769,0.075186283611927765,EQUAL
218,0.806549,0.216043818189144537,0.216043818189144545,0.216043818189144560,Posit
219,0.0706984,0.022466626191125889,0.022466626191125889,0.022466626191125889,EQUAL
220,0.629216,0.178770884185983406,0.178770884185983412,0.178770884185983442,Posit
221,0.36366,0.111023901868531336,0.111023901868531340,0.111023901868531338,Double
222,0.645348,0.182422844161497965,0.182422844161497971,0.182422844161497955,Posit
223,0.0683023,0.021707573587046724,0.021707573587046724,0.021707573587046728,Posit
224,0.540978,0.157846736325567907,0.157846736325567912,0.157846736325567921,Posit
225,0.228864,0.071616268099646891,0.071616268099646893,0.071616268099646899,Posit
226,0.219692,0.068836493319165480,0.068836493319165482,0.068836493319165484,Posit
227,0.325495,0.100165527803312590,0.100165527803312593,0.100165527803312587,EQUAL
228,0.243085,0.075903999663967215,0.075903999663967217,0.075903999663967214,Double
229,0.00937236,0.002983227993062269,0.002983227993062269,0.002983227993062270,Posit
230,0.154891,0.048914647900608343,0.048914647900608344,0.048914647900608350,Posit
231,0.0194161,0.006179561132392987,0.006179561132392987,0.006179561132392987,EQUAL
232,0.257217,0.080137639711599192,0.080137639711599195,0.080137639711599193,Double
233,0.8281,0.220156333250545264,0.220156333250545273,0.220156333250545261,Double
234,0.830159,0.220544786401377682,0.220544786401377690,0.220544786401377674,EQUAL
235,0.620552,0.176787496060551820,0.176787496060551826,0.176787496060551802,Posit
236,0.91732,0.236282152093456135,0.236282152093456144,0.236282152093456155,Posit
237,0.600664,0.172176243346438037,0.172176243346438044,0.172176243346438052,Posit
238,0.709124,0.196340893703297481,0.196340893703297488,0.196340893703297464,Posit
239,0.907455,0.234568452739539332,0.234568452739539340,0.234568452739539357,Posit
240,0.622015,0.177123519861048549,0.177123519861048556,0.177123519861048573,Posit
241,0.272253,0.084610014812645755,0.084610014812645758,0.084610014812645754,Double
242,0.620109,0.176685755119114997,0.176685755119115003,0.176685755119114996,Double
243,0.297572,0.092063978642155278,0.092063978642155281,0.092063978642155278,Double
244,0.354406,0.108414497504183439,0.108414497504183443,0.108414497504183444,Posit
245,0.222526,0.069696532516652657,0.069696532516652659,0.069696532516652657,Double
246,0.036855,0.011726018118981582,0.011726018118981582,0.011726018118981583,Posit
247,0.0178506,0.005681432905004078,0.005681432905004077,0.005681432905004077,EQUAL
248,0.39585,0.119978544018986065,0.119978544018986069,0.119978544018986069,EQUAL
249,0.783694,0.211586565483853692,0.211586565483853699,0.211586565483853711,Posit
250,0.235432,0.073600106329677204,0.073600106329677206,0.073600106329677201,Posit
251,0.684416,0.191046382566379590,0.191046382566379597,0.191046382566379597,EQUAL
252,0.417401,0.125865077928512677,0.125865077928512681,0.125865077928512675,Double
253,0.188657,0.059353756099542996,0.059353756099542998,0.059353756099542999,Posit
254,0.407849,0.123266921983073683,0.123266921983073688,0.123266921983073680,Double
255,0.496178,0.146608762461484287,0.146608762461484292,0.146608762461484271,Posit
256,0.1436,0.045398808910527258,0.045398808910527259,0.045398808910527257,EQUAL
257,0.906354,0.234376155410366746,0.234376155410366754,0.234376155410366771,Posit
258,0.012515,0.003983445871953694,0.003983445871953694,0.003983445871953694,EQUAL
259,0.202127,0.063483681160960534,0.063483681160960536,0.063483681160960537,Posit
260,0.853809,0.224949920888718084,0.224949920888718093,0.224949920888718097,Posit
261,0.405436,0.122607858624454458,0.122607858624454463,0.122607858624454460,Double
262,0.841154,0.222605593658879307,0.222605593658879315,0.222605593658879303,Double
263,0.511915,0.150603178255924578,0.150603178255924583,0.150603178255924591,Posit
264,0.251518,0.078433617998420322,0.078433617998420325,0.078433617998420316,Posit
265,0.319038,0.098303718943518035,0.098303718943518038,0.098303718943518040,Posit
266,0.65208,0.183930896730814755,0.183930896730814761,0.183930896730814780,Posit
267,0.755882,0.206027655805136520,0.206027655805136528,0.206027655805136545,Posit
268,0.715506,0.197688680125490451,0.197688680125490458,0.197688680125490457,Double
269,0.650945,0.183677207464562088,0.183677207464562095,0.183677207464562120,Posit
270,0.0238318,0.007584476065534538,0.007584476065534538,0.007584476065534538,EQUAL
271,0.351749,0.107662664899190241,0.107662664899190245,0.107662664899190255,Posit
272,0.992385,0.248783368378783184,0.248783368378783193,0.248783368378783204,Posit
273,0.979183,0.246652169853687231,0.246652169853687240,0.246652169853687264,Posit
274,0.739018,0.202583659441543589,0.202583659441543596,0.202583659441543606,Posit
275,0.116137,0.036802749997145432,0.036802749997145433,0.036802749997145431,EQUAL
276,0.0874369,0.027761415180698784,0.027761415180698784,0.027761415180698783,Posit
277,0.649482,0.183350006109250656,0.183350006109250662,0.183350006109250674,Posit
278,0.00448337,0.001427090163175700,0.001427090163175699,0.001427090163175700,Double
279,0.910248,0.235055302554759875,0.235055302554759883,0.235055302554759898,Posit
280,0.975719,0.246088231669096970,0.246088231669096979,0.246088231669096963,Double
281,0.812544,0.217196569950411452,0.217196569950411460,0.217196569950411450,Double
282,0.962899,0.243984272928619270,0.243984272928619279,0.243984272928619267,Double
283,0.0255472,0.008130159536438029,0.008130159536438029,0.008130159536438031,Posit
284,0.0905228,0.028735989757647405,0.028735989757647405,0.028735989757647407,Posit
285,0.954681,0.242621397149592824,0.242621397149592833,0.242621397149592827,Double
286,0.847911,0.223860940610415139,0.223860940610415147,0.223860940610415143,Double
287,0.100012,0.031729303439218315,0.031729303439218315,0.031729303439218315,EQUAL
288,0.394224,0.119530781633327448,0.119530781633327453,0.119530781633327449,Double
289,0.30028,0.092855300242261628,0.092855300242261631,0.092855300242261629,Double
290,0.606298,0.173490770537350949,0.173490770537350955,0.173490770537350958,Posit
291,0.955953,0.242833105929084820,0.242833105929084829,0.242833105929084803,Posit
292,0.286323,0.088764764965486713,0.088764764965486716,0.088764764965486728,Posit
293,0.368159,0.112286828973868964,0.112286828973868967,0.112286828973868977,Posit
294,0.0169708,0.005401469589786929,0.005401469589786929,0.005401469589786929,EQUAL
295,0.549349,0.159900756665802350,0.159900756665802356,0.159900756665802363,Posit
296,0.683974,0.190950650030787386,0.190950650030787392,0.190950650030787400,Posit
297,0.267348,0.083154805769347722,0.083154805769347725,0.083154805769347723,Double
298,0.561637,0.162889792409053290,0.162889792409053296,0.162889792409053297,Posit
299,0.340407,0.104438612921496428,0.104438612921496432,0.104438612921496421,Posit
300,0.0794185,0.025226735272934175,0.025226735272934176,0.025226735272934175,Double
301,0.190838,0.060023760417845963,0.060023760417845965,0.060023760417845969,Posit
302,0.46224,0.137823744439811686,0.137823744439811691,0.137823744439811685,Double
303,0.684065,0.190970465138220723,0.190970465138220730,0.190970465138220746,Posit
304,0.677788,0.189605202464017100,0.189605202464017107,0.189605202464017103,Double
305,0.10672,0.033841938445901996,0.033841938445901997,0.033841938445901998,Posit
306,0.884973,0.230599832036297288,0.230599832036297296,0.230599832036297303,Posit
307,0.280272,0.086981579279532276,0.086981579279532279,0.086981579279532290,Posit
308,0.0588385,0.018707294411410190,0.018707294411410191,0.018707294411410190,Double
309,0.748753,0.204578656808946562,0.204578656808946570,0.204578656808946574,Posit
310,0.586484,0.168838537278803791,0.168838537278803797,0.168838537278803796,Double
311,0.1617,0.051028931782296947,0.051028931782296949,0.051028931782296949,EQUAL
312,0.313635,0.096740324871291119,0.096740324871291122,0.096740324871291125,Posit
313,0.146209,0.046212398491312619,0.046212398491312621,0.046212398491312624,Posit
314,0.196599,0.061791430427639687,0.061791430427639688,0.061791430427639689,Posit
315,0.478473,0.142054684217219335,0.142054684217219340,0.142054684217219340,EQUAL
316,0.333203,0.102379174363365533,0.102379174363365536,0.102379174363365549,Posit
317,0.834437,0.221349287863541608,0.221349287863541617,0.221349287863541633,Posit
318,0.133578,0.042268914698212975,0.042268914698212977,0.042268914698212978,Posit
319,0.43202,0.129807381373891162,0.129807381373891168,0.129807381373891167,Double
320,0.676818,0.189393685682023671,0.189393685682023677,0.189393685682023694,Posit
321,0.203357,0.063859670681388271,0.063859670681388272,0.063859670681388273,Posit
322,0.30005,0.092788215676707222,0.092788215676707225,0.092788215676707225,EQUAL
323,0.978175,0.246488304980446420,0.246488304980446430,0.246488304980446438,Posit
324,0.462428,0.137872972023398670,0.137872972023398675,0.137872972023398682,Posit
325,0.649405,0.183332767847041915,0.183332767847041922,0.183332767847041916,Double
326,0.298005,0.092190769610273597,0.092190769610273600,0.092190769610273601,Posit
327,0.910457,0.235091677640792933,0.235091677640792942,0.235091677640792945,Posit
328,0.550523,0.160187635295477645,0.160187635295477651,0.160187635295477665,Posit
329,0.587485,0.169075457335052607,0.169075457335052613,0.169075457335052609,Double
330,0.713795,0.197328190337320628,0.197328190337320635,0.197328190337320630,Double
331,0.0186371,0.005931685726960685,0.005931685726960684,0.005931685726960685,Double
332,0.606722,0.173589502845803144,0.173589502845803151,0.173589502845803156,Posit
333,0.665563,0.186923809847641969,0.186923809847641976,0.186923809847641953,Posit
334,0.82239,0.219075277096905960,0.219075277096905968,0.219075277096905968,EQUAL
335,0.0758114,0.024085438134216638,0.024085438134216639,0.024085438134216638,Double
336,0.0448676,0.014272231825049548,0.014272231825049548,0.014272231825049549,Posit
337,0.258066,0.080391098820360673,0.080391098820360676,0.080391098820360676,EQUAL
338,0.526191,0.154183125321552595,0.154183125321552601,0.154183125321552594,Double
339,0.937206,0.239685632514189881,0.239685632514189890,0.239685632514189895,Posit
340,0.0244684,0.007786973092813394,0.007786973092813394,0.007786973092813394,EQUAL
341,0.16231,0.051218270649836748,0.051218270649836749,0.051218270649836750,Posit
342,0.588633,0.169347011485595501,0.169347011485595507,0.169347011485595500,Double
343,0.937638,0.239758878647178385,0.239758878647178394,0.239758878647178375,Posit
344,0.0335566,0.010677381990159227,0.010677381990159227,0.010677381990159229,Posit
345,0.592984,0.170373664983735347,0.170373664983735353,0.170373664983735351,Double
346,0.0310736,0.009887858802738307,0.009887858802738307,0.009887858802738307,EQUAL
347,0.996554,0.249450606430319472,0.249450606430319482,0.249450606430319494,Posit
348,0.464967,0.138538138891874116,0.138538138891874121,0.138538138891874107,Posit
349,0.512894,0.150850116033591443,0.150850116033591448,0.150850116033591442,Double
350,0.145388,0.045956447427353732,0.045956447427353733,0.045956447427353733,EQUAL
351,0.736651,0.202095942480661496,0.202095942480661503,0.202095942480661511,Posit
352,0.541706,0.158026028433560883,0.158026028433560889,0.158026028433560894,Posit
353,0.251669,0.078478868832613785,0.078478868832613787,0.078478868832613791,Posit
354,0.193029,0.060696585049608679,0.060696585049608680,0.060696585049608683,Posit
355,0.0178678,0.005686896445234885,0.005686896445234884,0.005686896445234885,Double
356,0.620501,0.176775812362644427,0.176775812362644433,0.176775812362644419,Posit
357,0.79345,0.213501417017723779,0.213501417017723787,0.213501417017723766,Posit
358,0.392942,0.119177463331394696,0.119177463331394700,0.119177463331394701,Posit
359,0.264322,0.082255180264795157,0.082255180264795160,0.082255180264795155,Double
360,0.654028,0.184365620165372227,0.184365620165372234,0.184365620165372224,Double
361,0.0983093,0.031192590317603399,0.031192590317603399,0.031192590317603398,Posit
362,0.336494,0.103321124762248418,0.103321124762248422,0.103321124762248417,Double
363,0.824277,0.219433257828364889,0.219433257828364897,0.219433257828364897,EQUAL
364,0.987308,0.247967175814991981,0.247967175814991990,0.247967175814992002,Posit
365,0.566309,0.164018156151798642,0.164018156151798648,0.164018156151798655,Posit
366,0.640463,0.181322576883799985,0.181322576883799992,0.181322576883799991,Double
367,0.428784,0.128938258693762563,0.128938258693762567,0.128938258693762575,Posit
368,0.0835379,0.026529341499278512,0.026529341499278512,0.026529341499278516,Posit
369,0.368559,0.112398968272041107,0.112398968272041110,0.112398968272041100,Posit
370,0.438653,0.131582296158094942,0.131582296158094946,0.131582296158094941,Double
371,0.397025,0.120301716488228001,0.120301716488228005,0.120301716488228003,Double
372,0.331883,0.102000593067022392,0.102000593067022396,0.102000593067022402,Posit
373,0.723655,0.199397533629675094,0.199397533629675100,0.199397533629675106,Posit
374,0.221246,0.069308339162260694,0.069308339162260696,0.069308339162260701,Posit
375,0.666042,0.187029347646205544,0.187029347646205551,0.187029347646205546,Double
376,0.783897,0.211626556392666684,0.211626556392666692,0.211626556392666670,Posit
377,0.431588,0.129691274972051982,0.129691274972051987,0.129691274972051990,Posit
378,0.320856,0.098828749760549012,0.098828749760549015,0.098828749760549020,Posit
379,0.934398,0.239209229522355857,0.239209229522355866,0.239209229522355876,Posit
380,0.281701,0.087403357688980053,0.087403357688980056,0.087403357688980068,Posit
381,0.680512,0.190198707810540425,0.190198707810540432,0.190198707810540435,Posit
382,0.742549,0.203309322154159300,0.203309322154159308,0.203309322154159283,Posit
383,0.476562,0.141559362379801817,0.141559362379801822,0.141559362379801823,Posit
384,0.476773,0.141614119556409925,0.141614119556409930,0.141614119556409929,Double
385,0.398641,0.120745739434510503,0.120745739434510508,0.120745739434510502,Double
386,0.116681,0.036973645742858122,0.036973645742858123,0.036973645742858122,Double
387,0.145286,0.045924569885122292,0.045924569885122293,0.045924569885122286,Posit
388,0.499858,0.147547403710067032,0.147547403710067037,0.147547403710067054,Posit
389,0.256955,0.080059359560835457,0.080059359560835460,0.080059359560835458,Double
390,0.0221222,0.007040557042881894,0.007040557042881894,0.007040557042881894,EQUAL
391,0.73277,0.201293649731264348,0.201293649731264355,0.201293649731264346,Double
392,0.141531,0.044753378843579638,0.044753378843579639,0.044753378843579640,Posit
393,0.558734,0.162186535742185693,0.162186535742185699,0.162186535742185695,Double
394,0.930072,0.238472453243568270,0.238472453243568278,0.238472453243568278,EQUAL
395,0.268699,0.083555972275785976,0.083555972275785979,0.083555972275785984,Posit
396,0.49473,0.146238859515282308,0.146238859515282313,0.146238859515282316,Posit
397,0.398676,0.120755441062435777,0.120755441062435781,0.120755441062435784,Posit
398,0.150717,0.047616200939375428,0.047616200939375430,0.047616200939375429,Double
399,0.843674,0.223074695570785679,0.223074695570785687,0.223074695570785686,Double
400,0.146709,0.046368177944361241,0.046368177944361243,0.046368177944361239,EQUAL
401,0.566939,0.164169981293261246,0.164169981293261252,0.164169981293261241,Double
402,0.651811,0.183870784527113911,0.183870784527113918,0.183870784527113917,Double
403,0.475399,0.141257489403889577,0.141257489403889582,0.141257489403889575,Double
404,0.477164,0.141715585634020801,0.141715585634020805,0.141715585634020813,Posit
405,0.354484,0.108436709362644839,0.108436709362644843,0.108436709362644851,Posit
406,0.256857,0.080030069559486145,0.080030069559486148,0.080030069559486147,Double
407,0.769936,0.208855456099338410,0.208855456099338418,0.208855456099338394,Posit
408,0.138868,0.043922271011824892,0.043922271011824894,0.043922271011824894,EQUAL
409,0.769839,0.208836079456728959,0.208836079456728967,0.208836079456728968,Posit
410,0.581917,0.167754847350666253,0.167754847350666259,0.167754847350666286,Posit
411,0.0200524,0.006382007449413480,0.006382007449413480,0.006382007449413481,Posit
412,0.396424,0.120136533430382405,0.120136533430382409,0.120136533430382414,Posit
413,0.340601,0.104493905193724511,0.104493905193724515,0.104493905193724507,EQUAL
414,0.715099,0.197602837700677307,0.197602837700677314,0.197602837700677325,Posit
415,0.0981614,0.031145973004447799,0.031145973004447800,0.031145973004447800,EQUAL
416,0.88443,0.230502750068835044,0.230502750068835052,0.230502750068835055,Posit
417,0.730036,0.200726517438014136,0.200726517438014144,0.200726517438014146,Posit
418,0.111547,0.035360289263707714,0.035360289263707715,0.035360289263707718,Posit
419,0.667088,0.187259762575898015,0.187259762575898022,0.187259762575898020,Double
420,0.685703,0.191325333970227226,0.191325333970227233,0.191325333970227218,Posit
421,0.991096,0.248576524699081287,0.248576524699081296,0.248576524699081286,Double
422,0.254811,0.079418943267397407,0.079418943267397410,0.079418943267397415,Posit
423,0.775967,0.210057045244642111,0.210057045244642119,0.210057045244642138,Posit
424,0.646452,0.182670625018592394,0.182670625018592401,0.182670625018592409,Posit
425,0.923225,0.237299777090505482,0.237299777090505490,0.237299777090505482,Double
426,0.313162,0.096603144980873580,0.096603144980873583,0.096603144980873579,Double
427,0.71695,0.197992478412665743,0.197992478412665750,0.197992478412665762,Posit
428,0.878253,0.229396176232282309,0.229396176232282318,0.229396176232282312,Double
429,0.0404971,0.012883575978420600,0.012883575978420600,0.012883575978420601,Posit
430,0.984925,0.247582520016564332,0.247582520016564341,0.247582520016564361,Posit
431,0.297358,0.092001622888269606,0.092001622888269608,0.092001622888269602,Posit
432,0.0199146,0.006338180855892754,0.006338180855892754,0.006338180855892755,Posit
433,0.122606,0.038832787340127935,0.038832787340127936,0.038832787340127940,Posit
434,0.78629,0.212097912110349689,0.212097912110349697,0.212097912110349701,Posit
435,0.925033,0.237610261105348647,0.237610261105348656,0.237610261105348636,Posit
436,0.356911,0.109122371570985990,0.109122371570985994,0.109122371570985990,Double
437,0.209427,0.065713034377043228,0.065713034377043230,0.065713034377043233,Posit
438,0.152577,0.048194992905411938,0.048194992905411940,0.048194992905411946,Posit
439,0.467107,0.139097930133745378,0.139097930133745383,0.139097930133745384,Posit
440,0.109917,0.034847819525502247,0.034847819525502248,0.034847819525502248,EQUAL
441,0.243523,0.076035798886715821,0.076035798886715824,0.076035798886715827,Posit
442,0.936976,0.239646707138291692,0.239646707138291701,0.239646707138291698,Double
443,0.72272,0.199202283200049660,0.199202283200049667,0.199202283200049651,Posit
444,0.11711,0.037108314214938292,0.037108314214938293,0.037108314214938293,EQUAL
445,0.391193,0.118694903449339356,0.118694903449339360,0.118694903449339362,Posit
446,0.589246,0.169491948828020398,0.169491948828020404,0.169491948828020406,Posit
447,0.507325,0.149443482649783243,0.149443482649783248,0.149443482649783244,Double
448,0.262893,0.081829931104113528,0.081829931104113531,0.081829931104113532,Posit
449,0.267143,0.083093870565717626,0.083093870565717629,0.083093870565717640,Posit
450,0.889577,0.231419758708104666,0.231419758708104674,0.231419758708104689,Posit
451,0.417245,0.125822740827622823,0.125822740827622827,0.125822740827622820,Double
452,0.556514,0.161647465733709639,0.161647465733709644,0.161647465733709667,Posit
453,0.584241,0.168306727124385067,0.168306727124385073,0.168306727124385075,Posit
454,0.988646,0.248182579162301202,0.248182579162301211,0.248182579162301187,Posit
455,0.0647547,0.020583313993287282,0.020583313993287283,0.020583313993287281,EQUAL
456,0.230251,0.072035764160227558,0.072035764160227560,0.072035764160227556,EQUAL
457,0.220492,0.069079489953302410,0.069079489953302412,0.069079489953302417,Posit
458,0.0786518,0.024984214985389532,0.024984214985389533,0.024984214985389532,Double
459,0.182612,0.057493836623142006,0.057493836623142008,0.057493836623142003,Posit
460,0.809878,0.216684806041712635,0.216684806041712643,0.216684806041712641,Double
461,0.0624954,0.019867061149088854,0.019867061149088854,0.019867061149088854,EQUAL
462,0.197848,0.062174051059371186,0.062174051059371188,0.062174051059371190,Posit
463,0.824214,0.219421255616757638,0.219421255616757647,0.219421255616757627,Posit
464,0.523537,0.153520714569921553,0.153520714569921558,0.153520714569921557,Double
465,0.370118,0.112835713887328911,0.112835713887328915,0.112835713887328909,Double
466,0.319651,0.098480740438632953,0.098480740438632956,0.098480740438632960,Posit
467,0.0861677,0.027360448368919915,0.027360448368919915,0.027360448368919914,Posit
468,0.637105,0.180563500050618803,0.180563500050618809,0.180563500050618803,Double
469,0.870188,0.227941128571137905,0.227941128571137913,0.227941128571137908,Double
470,0.242318,0.075673445128636051,0.075673445128636053,0.075673445128636052,Double
471,0.562,0.162977662622570941,0.162977662622570946,0.162977662622570935,Posit
472,0.0275221,0.008758331142639768,0.008758331142639768,0.008758331142639767,Posit
473,0.594534,0.170738486443560255,0.170738486443560261,0.170738486443560267,Posit
474,0.717561,0.198120710420781443,0.198120710420781450,0.198120710420781443,Double
475,0.135175,0.042768443868751623,0.042768443868751624,0.042768443868751622,EQUAL
476,0.099712,0.031634760205438196,0.031634760205438197,0.031634760205438199,Posit
477,0.150948,0.047688262524918207,0.047688262524918208,0.047688262524918208,EQUAL
478,0.440652,0.132115516175097600,0.132115516175097604,0.132115516175097619,Posit
479,0.689414,0.192127256940217198,0.192127256940217205,0.192127256940217206,Posit
480,0.152626,0.048210162859569027,0.048210162859569028,0.048210162859569021,Posit
481,0.640737,0.181384286632033894,0.181384286632033901,0.181384286632033903,Posit
482,0.995804,0.249330736101727493,0.249330736101727502,0.249330736101727513,Posit
483,0.68173,0.190463535809071503,0.190463535809071510,0.190463535809071494,Posit
484,0.231094,0.072290558457800373,0.072290558457800376,0.072290558457800372,Double
485,0.224154,0.070190101313198992,0.070190101313198994,0.070190101313198999,Posit
486,0.736415,0.202047196431837911,0.202047196431837918,0.202047196431837911,Double
487,0.140375,0.044392663885164661,0.044392663885164662,0.044392663885164663,Posit
488,0.12311,0.038990807355090053,0.038990807355090054,0.038990807355090050,Posit
489,0.739637,0.202711169140937894,0.202711169140937901,0.202711169140937925,Posit
490,0.237951,0.074359436854878114,0.074359436854878116,0.074359436854878114,Double
491,0.0119653,0.003808491384563463,0.003808491384563463,0.003808491384563464,Posit
492,0.0831179,0.026396586818734823,0.026396586818734824,0.026396586818734823,Double
493,0.538917,0.157338709138124663,0.157338709138124668,0.157338709138124672,Posit
494,0.697179,0.193796608692765098,0.193796608692765105,0.193796608692765104,Double
495,0.943252,0.240707236733880801,0.240707236733880810,0.240707236733880808,Double
496,0.273952,0.085113292928439216,0.085113292928439219,0.085113292928439221,Posit
497,0.838597,0.222128323080565821,0.222128323080565830,0.222128323080565820,Double
498,0.941765,0.240456576710717987,0.240456576710717996,0.240456576710717990,Double
499,0.242203,0.075638939025020050,0.075638939025020052,0.075638939025020058,Posit
500,0.393373,0.119296345634645953,0.119296345634645957,0.119296345634645959,Posit
501,0.230647,0.072155297221657523,0.072155297221657525,0.072155297221657533,Posit
502,0.289593,0.089725789023608594,0.089725789023608597,0.089725789023608601,Posit
503,0.627671,0.178418240856642680,0.178418240856642687,0.178418240856642679,Double
504,0.198165,0.062271139453240549,0.062271139453240551,0.062271139453240552,Posit
505,0.895977,0.232553315565363721,0.232553315565363729,0.232553315565363738,Posit
506,0.261409,0.081387723084018243,0.081387723084018246,0.081387723084018246,EQUAL
507,0.858274,0.225770130588040858,0.225770130588040866,0.225770130588040852,Double
508,0.508658,0.149780652691317714,0.149780652691317720,0.149780652691317712,Double
509,0.0943597,0.029946960293116868,0.029946960293116869,0.029946960293116869,EQUAL
510,0.9033,0.233841660667258510,0.233841660667258518,0.233841660667258533,Posit
511,0.805025,0.215749616241775756,0.215749616241775764,0.215749616241775771,Posit
512,0.957596,0.243106022010554725,0.243106022010554734,0.243106022010554756,Posit
513,0.00470636,0.001498070446148130,0.001498070446148129,0.001498070446148130,Double
514,0.245721,0.076695825356182776,0.076695825356182778,0.076695825356182787,Posit
515,0.0531512,0.016902659688111251,0.016902659688111252,0.016902659688111252,EQUAL
516,0.983592,0.247367042236287988,0.247367042236287997,0.247367042236287998,Posit
517,0.959627,0.243442935424632528,0.243442935424632537,0.243442935424632551,Posit
518,0.572318,0.165462740732654750,0.165462740732654756,0.165462740732654767,Posit
519,0.618583,0.176334650006483136,0.176334650006483142,0.176334650006483129,Posit
520,0.776369,0.210136952138580480,0.210136952138580488,0.210136952138580496,Posit
521,0.894129,0.232226779833783295,0.232226779833783303,0.232226779833783314,Posit
522,0.913902,0.235690326570011772,0.235690326570011781,0.235690326570011766,Double
523,0.305609,0.094408923261964944,0.094408923261964947,0.094408923261964942,Double
524,0.137031,0.043348204185858825,0.043348204185858827,0.043348204185858823,EQUAL
525,0.0390055,0.012409535650203104,0.012409535650203104,0.012409535650203104,EQUAL
526,0.767403,0.208348562679618346,0.208348562679618354,0.208348562679618377,Posit
527,0.124948,0.039566998116700671,0.039566998116700672,0.039566998116700676,Posit
528,0.702681,0.194972184947022160,0.194972184947022167,0.194972184947022148,Posit
529,0.868474,0.227630441492284729,0.227630441492284738,0.227630441492284730,Double
530,0.352347,0.107831900072713298,0.107831900072713302,0.107831900072713302,EQUAL
531,0.491979,0.145534525144272023,0.145534525144272028,0.145534525144272009,Posit
532,0.487563,0.144400826367959415,0.144400826367959420,0.144400826367959423,Posit
533,0.774769,0.209818973898085315,0.209818973898085323,0.209818973898085320,Double
534,0.527683,0.154554827123088733,0.154554827123088738,0.154554827123088739,Posit
535,0.26909,0.083672035757156941,0.083672035757156944,0.083672035757156954,Posit
536,0.241152,0.075322878579815556,0.075322878579815559,0.075322878579815566,Posit
537,0.75106,0.205048610425198618,0.205048610425198625,0.205048610425198619,Double
538,0.862382,0.226521694471066021,0.226521694471066029,0.226521694471066015,Double
539,0.139107,0.043996650873834968,0.043996650873834969,0.043996650873834968,Double
540,0.353567,0.108177430826743838,0.108177430826743842,0.108177430826743831,Posit
541,0.447913,0.134045811620109429,0.134045811620109434,0.134045811620109451,Posit
542,0.454098,0.135681620647021045,0.135681620647021050,0.135681620647021051,Posit
543,0.213797,0.067044337429364881,0.067044337429364883,0.067044337429364886,Posit
544,0.639396,0.181081617060630062,0.181081617060630069,0.181081617060630085,Posit
545,0.34993,0.107147000625402919,0.107147000625402924,0.107147000625402930,Posit
546,0.757722,0.206400070429473704,0.206400070429473712,0.206400070429473698,Double
547,0.600556,0.172151054899727381,0.172151054899727388,0.172151054899727374,EQUAL
548,0.704809,0.195425047128054929,0.195425047128054936,0.195425047128054918,Posit
549,0.671205,0.188165119131167236,0.188165119131167243,0.188165119131167263,Posit
550,0.425628,0.128088551837611392,0.128088551837611396,0.128088551837611392,Double
551,0.116979,0.037066987013590262,0.037066987013590263,0.037066987013590263,EQUAL
552,0.364827,0.111351821807551919,0.111351821807551923,0.111351821807551918,Double
553,0.882645,0.230183825924946959,0.230183825924946967,0.230183825924946961,Double
554,0.280493,0.087046762132970183,0.087046762132970186,0.087046762132970190,Posit
555,0.70231,0.194893039859343870,0.194893039859343876,0.194893039859343892,Posit
556,0.872308,0.228324757380308602,0.228324757380308610,0.228324757380308607,Double
557,0.934313,0.239194706872470265,0.239194706872470274,0.239194706872470270,Double
558,0.639896,0.181194500783556723,0.181194500783556729,0.181194500783556728,Double
559,0.0393488,0.012518650572638978,0.012518650572638979,0.012518650572638979,EQUAL
560,0.315823,0.097373975041623160,0.097373975041623163,0.097373975041623151,Posit
561,0.492488,0.145664848458564199,0.145664848458564204,0.145664848458564200,Double
562,0.723367,0.199337511581251171,0.199337511581251178,0.199337511581251181,Posit
563,0.301353,0.093168577526730696,0.093168577526730698,0.093168577526730703,Posit
564,0.741639,0.203122535206312656,0.203122535206312663,0.203122535206312682,Posit
565,0.337206,0.103524393963798749,0.103524393963798752,0.103524393963798741,Posit
566,0.996841,0.249496508085722547,0.249496508085722556,0.249496508085722574,Posit
567,0.115298,0.036539030646127533,0.036539030646127533,0.036539030646127534,Posit
568,0.168008,0.052983846298319277,0.052983846298319279,0.052983846298319280,Posit
569,0.227326,0.071151035679685376,0.071151035679685378,0.071151035679685379,Posit
570,0.490871,0.145250541801037494,0.145250541801037499,0.145250541801037497,Double
571,0.293055,0.090741505389714781,0.090741505389714784,0.090741505389714788,Posit
572,0.164255,0.051821194668589568,0.051821194668589570,0.051821194668589567,Double
573,0.177586,0.055944139719698860,0.055944139719698862,0.055944139719698860,Double
574,0.0143952,0.004581830925013503,0.004581830925013503,0.004581830925013503,EQUAL
575,0.468023,0.139336989130782094,0.139336989130782099,0.139336989130782102,Posit
576,0.773389,0.209544306092057687,0.209544306092057695,0.209544306092057681,Double
577,0.787056,0.212248425013103052,0.212248425013103059,0.212248425013103037,Posit
578,0.514532,0.151262586468158679,0.151262586468158685,0.151262586468158683,Double
579,0.550212,0.160111867160711388,0.160111867160711394,0.160111867160711407,Posit
580,0.0678281,0.021557332264189172,0.021557332264189173,0.021557332264189173,EQUAL
581,0.463125,0.138055669813474486,0.138055669813474491,0.138055669813474502,Posit
582,0.045016,0.014319357100808913,0.014319357100808913,0.014319357100808913,EQUAL
583,0.43733,0.131228925987346371,0.131228925987346376,0.131228925987346368,Double
584,0.758035,0.206463413595218017,0.206463413595218024,0.206463413595218026,Posit
585,0.459937,0.137219237650108171,0.137219237650108176,0.137219237650108183,Posit
586,0.528181,0.154678729322669007,0.154678729322669013,0.154678729322669017,Posit
587,0.292151,0.090476503301833672,0.090476503301833675,0.090476503301833683,Posit
588,0.770845,0.209036923612449584,0.209036923612449591,0.209036923612449604,Posit
589,0.957299,0.243056712931800943,0.243056712931800952,0.243056712931800950,Double
590,0.994024,0.249046120751230543,0.249046120751230552,0.249046120751230560,Posit
591,0.363657,0.111023145527590338,0.111023145527590342,0.111023145527590336,Double
592,0.603172,0.172762314919005053,0.172762314919005060,0.172762314919005067,Posit
593,0.0165208,0.005258254414147015,0.005258254414147015,0.005258254414147016,Posit
594,0.829694,0.220457228666733796,0.220457228666733805,0.220457228666733812,Posit
595,0.862573,0.226556423690712997,0.226556423690713005,0.226556423690713021,Posit
596,0.274815,0.085368798534389368,0.085368798534389372,0.085368798534389376,Posit
597,0.613187,0.175089470681472656,0.175089470681472662,0.175089470681472653,Double
598,0.211219,0.066259215815760310,0.066259215815760311,0.066259215815760317,Posit
599,0.852425,0.224695045970338857,0.224695045970338865,0.224695045970338875,Posit
600,0.867114,0.227383346679312847,0.227383346679312855,0.227383346679312870,Posit
601,0.632366,0.179488182196747693,0.179488182196747700,0.179488182196747698,Double
602,0.664047,0.186589101247136845,0.186589101247136852,0.186589101247136874,Posit
603,0.245538,0.076641130248358681,0.076641130248358683,0.076641130248358683,EQUAL
604,0.782047,0.211261475872524848,0.211261475872524856,0.211261475872524862,Posit
605,0.312388,0.096378641958551014,0.096378641958551017,0.096378641958551017,EQUAL
606,0.471251,0.140179015341891889,0.140179015341891894,0.140179015341891894,EQUAL
607,0.824159,0.219410788018237157,0.219410788018237165,0.219410788018237185,Posit
608,0.6663,0.187086235092633962,0.187086235092633969,0.187086235092633973,Posit
609,0.93229,0.238850534143006768,0.238850534143006777,0.238850534143006776,Double
610,0.312309,0.096355728837971971,0.096355728837971974,0.096355728837971971,Double
611,0.69053,0.192367978753081127,0.192367978753081134,0.192367978753081148,Posit
612,0.720976,0.198837220637511001,0.198837220637511008,0.198837220637510997,Double
613,0.71618,0.197830503107110900,0.197830503107110907,0.197830503107110894,Double
614,0.654292,0.184424516484677932,0.184424516484677939,0.184424516484677947,Posit
615,0.506213,0.149161836060831204,0.149161836060831209,0.149161836060831193,Posit
616,0.727339,0.200165796903285518,0.200165796903285526,0.200165796903285537,Posit
617,0.608848,0.174083750388847275,0.174083750388847281,0.174083750388847269,EQUAL
618,0.0456639,0.014525174003865853,0.014525174003865853,0.014525174003865852,Posit
619,0.536712,0.156794473893512154,0.156794473893512159,0.156794473893512171,Posit
620,0.790052,0.212836510082592160,0.212836510082592168,0.212836510082592162,Double
621,0.948885,0.241653324062142760,0.241653324062142769,0.241653324062142766,Double
622,0.014775,0.004702683079467661,0.004702683079467661,0.004702683079467662,Posit
623,0.586731,0.168896939139109400,0.168896939139109406,0.168896939139109387,Posit
624,0.0694613,0.022074757423857315,0.022074757423857315,0.022074757423857318,Posit
625,0.388742,0.118017787601488990,0.118017787601488994,0.118017787601488996,Posit
626,0.611403,0.174676451274713423,0.174676451274713430,0.174676451274713429,Double
627,0.738303,0.202436540877024512,0.202436540877024519,0.202436540877024507,Double
628,0.138889,0.043928565055832516,0.043928565055832517,0.043928565055832515,EQUAL
629,0.0195217,0.006213150172400825,0.006213150172400824,0.006213150172400825,Double
630,0.847066,0.223704390176110808,0.223704390176110816,0.223704390176110823,Posit
631,0.986477,0.247833107515274376,0.247833107515274385,0.247833107515274376,Double
632,0.869347,0.227788730080698735,0.227788730080698743,0.227788730080698720,Posit
633,0.754087,0.205663700110304568,0.205663700110304576,0.205663700110304576,EQUAL
634,0.284658,0.088274465568729239,0.088274465568729242,0.088274465568729255,Posit
635,0.587127,0.168990818086419628,0.168990818086419635,0.168990818086419636,Posit
636,0.310884,0.095942524392923854,0.095942524392923857,0.095942524392923861,Posit
637,0.583376,0.168101338760569001,0.168101338760569007,0.168101338760569013,Posit
638,0.535466,0.156486264467171831,0.156486264467171836,0.156486264467171843,Posit
639,0.460076,0.137255634350394839,0.137255634350394844,0.137255634350394840,Double
640,0.580581,0.167436850545000377,0.167436850545000383,0.167436850545000404,Posit
641,0.193523,0.060848219535697600,0.060848219535697602,0.060848219535697606,Posit
642,0.739764,0.202737153466890497,0.202737153466890505,0.202737153466890502,Double
643,0.717937,0.198199889975187609,0.198199889975187616,0.198199889975187643,Posit
644,0.949196,0.241705420610672558,0.241705420610672567,0.241705420610672572,Posit
645,0.602279,0.172553672264968064,0.172553672264968070,0.172553672264968094,Posit
646,0.4445,0.133139608255717099,0.133139608255717104,0.133139608255717107,Posit
647,0.557733,0.161943657279262035,0.161943657279262041,0.161943657279262021,Posit
648,0.000349371,0.000111208104306738,0.000111208104306738,0.000111208104306738,EQUAL
649,0.416889,0.125726312699044649,0.125726312699044653,0.125726312699044662,Posit
650,0.427937,0.128710465002276729,0.128710465002276733,0.128710465002276730,Double
651,0.680678,0.190234867524596590,0.190234867524596597,0.190234867524596590,Double
652,0.247532,0.077239295051191329,0.077239295051191332,0.077239295051191328,Double
653,0.427421,0.128571609431223682,0.128571609431223686,0.128571609431223671,Posit
654,0.245452,0.076615244806688737,0.076615244806688740,0.076615244806688743,Posit
655,0.875218,0.228850060724798737,0.228850060724798745,0.228850060724798743,Double
656,0.933207,0.239006731911810390,0.239006731911810399,0.239006731911810377,Posit
657,0.402849,0.121899863603831168,0.121899863603831173,0.121899863603831177,Posit
658,0.773253,0.209517218251288313,0.209517218251288321,0.209517218251288329,Posit
659,0.336148,0.103221901410874221,0.103221901410874225,0.103221901410874228,Posit
660,0.71174,0.196894344770644290,0.196894344770644297,0.196894344770644297,EQUAL
661,0.767498,0.208367650932136091,0.208367650932136099,0.208367650932136106,Posit
662,0.0716223,0.022759234016886975,0.022759234016886976,0.022759234016886974,EQUAL
663,0.987058,0.247926777223969680,0.247926777223969689,0.247926777223969691,Posit
664,0.98336,0.247329456840703423,0.247329456840703432,0.247329456840703454,Posit
665,0.405066,0.122506777499717677,0.122506777499717682,0.122506777499717681,Double
666,0.199872,0.062793633281437496,0.062793633281437498,0.062793633281437500,Posit
667,0.524345,0.153722411407337263,0.153722411407337268,0.153722411407337278,Posit
668,0.441963,0.132464713636565652,0.132464713636565657,0.132464713636565645,Posit
669,0.400719,0.121316209854363273,0.121316209854363278,0.121316209854363283,Posit
670,0.501172,0.147881967448663512,0.147881967448663517,0.147881967448663526,Posit
671,0.262725,0.081779842382840304,0.081779842382840307,0.081779842382840306,Double
672,0.224156,0.070190886209200833,0.070190886209200835,0.070190886209200831,EQUAL
673,0.193262,0.060767913307824921,0.060767913307824923,0.060767913307824925,Posit
674,0.608729,0.174056153386803975,0.174056153386803981,0.174056153386803969,EQUAL
675,0.976331,0.246188000274373518,0.246188000274373527,0.246188000274373542,Posit
676,0.537279,0.156934411772319316,0.156934411772319322,0.156934411772319315,Double
677,0.206045,0.064680816163540103,0.064680816163540104,0.064680816163540100,Posit
678,0.0721944,0.022940388846975242,0.022940388846975242,0.022940388846975242,EQUAL
679,0.802252,0.215213278504384339,0.215213278504384347,0.215213278504384348,Posit
680,0.918776,0.236533557667277939,0.236533557667277948,0.236533557667277961,Posit
681,0.888342,0.231200095031247966,0.231200095031247974,0.231200095031247999,Posit
682,0.188837,0.059409247916098553,0.059409247916098554,0.059409247916098556,Posit
683,0.712283,0.197008925468081314,0.197008925468081321,0.197008925468081297,Posit
684,0.130999,0.041462225390859237,0.041462225390859238,0.041462225390859239,Posit
685,0.911727,0.235312622161868914,0.235312622161868923,0.235312622161868906,Double
686,0.322303,0.099246038634771406,0.099246038634771409,0.099246038634771411,Posit
687,0.886703,0.230908379016680998,0.230908379016681006,0.230908379016681015,Posit
688,0.659295,0.185536990100725334,0.185536990100725341,0.185536990100725357,Posit
689,0.750088,0.204850787424045605,0.204850787424045613,0.204850787424045611,Double
690,0.250934,0.078258902698134823,0.078258902698134826,0.078258902698134833,Posit
691,0.679243,0.189922431811803962,0.189922431811803968,0.189922431811803960,Double
692,0.524027,0.153643093815555319,0.153643093815555325,0.153643093815555326,Posit
693,0.521162,0.152926772507977213,0.152926772507977219,0.152926772507977204,Posit
694,0.0577588,0.018364785048447347,0.018364785048447347,0.018364785048447348,Posit
695,1.60043e-05,0.000005094327689308,5.094327689307947872,0.000005094327689308,Double
696,0.0740324,0.023522327597334779,0.023522327597334779,0.023522327597334778,Posit
697,0.491133,0.145317750442964979,0.145317750442964985,0.145317750442964994,Posit
698,0.757869,0.206429839355749655,0.206429839355749662,0.206429839355749656,Double
699,0.991434,0.248630765961004969,0.248630765961004978,0.248630765961004974,Double
700,0.251102,0.078309081980505133,0.078309081980505136,0.078309081980505138,Posit
701,0.997389,0.249583880036466377,0.249583880036466386,0.249583880036466366,Posit
702,0.35165,0.107634618630938033,0.107634618630938037,0.107634618630938025,Posit
703,0.590049,0.169681510755248820,0.169681510755248826,0.169681510755248816,Double
704,0.965989,0.244493961217339900,0.244493961217339908,0.244493961217339906,Double
705,0.750824,0.205000496751137656,0.205000496751137663,0.205000496751137656,Double
706,0.755584,0.205967190494767862,0.205967190494767869,0.205967190494767888,Posit
707,0.535037,0.156380079566901101,0.156380079566901107,0.156380079566901115,Posit
708,0.960042,0.243511817308510919,0.243511817308510928,0.243511817308510931,Posit
709,0.205857,0.064623684534407111,0.064623684534407113,0.064623684534407116,Posit
710,0.783419,0.211532303381283558,0.211532303381283566,0.211532303381283565,Double
711,0.967828,0.244796355143471922,0.244796355143471931,0.244796355143471922,Double
712,0.365461,0.111529976779822235,0.111529976779822239,0.111529976779822237,Double
713,0.291779,0.090367526854372436,0.090367526854372439,0.090367526854372437,Double
714,0.135128,0.042753468072522483,0.042753468072522484,0.042753468072522484,EQUAL
715,0.404146,0.122255021937970107,0.122255021937970112,0.122255021937970110,Double
716,0.010827,0.003446214914436040,0.003446214914436040,0.003446214914436041,Posit
717,0.894004,0.232204638069043010,0.232204638069043019,0.232204638069043040,Posit
718,0.127273,0.040295591929357757,0.040295591929357758,0.040295591929357763,Posit
719,0.731711,0.201074044577127564,0.201074044577127571,0.201074044577127575,Posit
720,0.649051,0.183253486765882926,0.183253486765882933,0.183253486765882934,Posit
721,0.23848,0.074518579671818863,0.074518579671818865,0.074518579671818866,Posit
722,0.862527,0.226548057263961408,0.226548057263961416,0.226548057263961433,Posit
723,0.427731,0.128655069386396454,0.128655069386396458,0.128655069386396453,Double
724,0.0603348,0.019181908585851134,0.019181908585851135,0.019181908585851136,Posit
725,0.930651,0.238571200239364988,0.238571200239364996,0.238571200239364983,Double
726,0.292308,0.090522681809364154,0.090522681809364157,0.090522681809364153,Double
727,0.330626,0.101640173416989475,0.101640173416989479,0.101640173416989485,Posit
728,0.569725,0.164840152146391829,0.164840152146391835,0.164840152146391833,Double
729,0.126098,0.039927357132907784,0.039927357132907785,0.039927357132907786,Posit
730,0.207978,0.065270858160544611,0.065270858160544613,0.065270858160544620,Posit
731,0.442849,0.132700487937680146,0.132700487937680150,0.132700487937680134,Posit
732,0.377038,0.114768740667634573,0.114768740667634577,0.114768740667634581,Posit
733,0.466905,0.139044965679018160,0.139044965679018165,0.139044965679018168,Posit
734,0.988987,0.248237591069638346,0.248237591069638355,0.248237591069638330,Posit
735,0.200749,0.063062300116141077,0.063062300116141079,0.063062300116141071,Posit
736,0.766462,0.208159924181681310,0.208159924181681317,0.208159924181681305,Double
737,0.618984,0.176426907415818067,0.176426907415818073,0.176426907415818068,Double
738,0.307612,0.094991924258182412,0.094991924258182415,0.094991924258182425,Posit
739,0.221419,0.069360802075562860,0.069360802075562862,0.069360802075562861,Double
740,0.331702,0.101948830409642251,0.101948830409642255,0.101948830409642255,EQUAL
741,0.815872,0.217833571297958895,0.217833571297958903,0.217833571297958911,Posit
742,0.467838,0.139288664507892606,0.139288664507892611,0.139288664507892596,Posit
743,0.211327,0.066292186826742774,0.066292186826742776,0.066292186826742774,Double
744,0.49003,0.145034554246079235,0.145034554246079240,0.145034554246079250,Posit
745,0.241095,0.075305894060912442,0.075305894060912444,0.075305894060912454,Posit
746,0.946613,0.241272304106459072,0.241272304106459081,0.241272304106459085,Posit
747,0.181226,0.057066536944567027,0.057066536944567029,0.057066536944567037,Posit
748,0.841375,0.222646707128855077,0.222646707128855085,0.222646707128855093,Posit
749,0.840893,0.222556901642613658,0.222556901642613666,0.222556901642613686,Posit
750,0.782041,0.211260315654341463,0.211260315654341471,0.211260315654341474,Posit
751,0.848009,0.223879090364577735,0.223879090364577743,0.223879090364577760,Posit
752,0.710008,0.196528120696069115,0.196528120696069122,0.196528120696069120,Double
753,0.532671,0.155794066054038540,0.155794066054038545,0.155794066054038532,Posit
754,0.432429,0.129916848865787902,0.129916848865787907,0.129916848865787915,Posit
755,0.72363,0.199392374570011536,0.199392374570011543,0.199392374570011549,Posit
756,0.353533,0.108167546944752007,0.108167546944752011,0.108167546944752016,Posit
757,0.451141,0.134900439358378289,0.134900439358378294,0.134900439358378310,Posit
758,0.664453,0.186678740214253464,0.186678740214253471,0.186678740214253458,Double
759,0.0553897,0.017613084859751801,0.017613084859751802,0.017613084859751802,EQUAL
760,0.024171,0.007692358732047664,0.007692358732047664,0.007692358732047665,Posit
761,0.436653,0.131047860462130099,0.131047860462130104,0.131047860462130100,Double
762,0.0632868,0.020117970855907260,0.020117970855907260,0.020117970855907261,Posit
763,0.486853,0.144218142228687778,0.144218142228687783,0.144218142228687785,Posit
764,0.833043,0.221087553313642071,0.221087553313642079,0.221087553313642077,Double
765,0.734046,0.201557774784460618,0.201557774784460625,0.201557774784460603,Posit
766,0.777226,0.210307140679850986,0.210307140679850994,0.210307140679850985,Double
767,0.105206,0.033365524700061228,0.033365524700061228,0.033365524700061225,Posit
768,0.804747,0.215695864037308802,0.215695864037308810,0.215695864037308810,EQUAL
769,0.945296,0.241051134275412459,0.241051134275412468,0.241051134275412471,Posit
770,0.366863,0.111923411532030462,0.111923411532030465,0.111923411532030462,Double
771,0.0232552,0.007401032381831109,0.007401032381831108,0.007401032381831108,EQUAL
772,0.363364,0.110940575104528195,0.110940575104528199,0.110940575104528191,EQUAL
773,0.818415,0.218319008694865954,0.218319008694865962,0.218319008694865951,Double
774,0.879346,0.229592593241085246,0.229592593241085255,0.229592593241085247,Double
775,0.841099,0.222595260218973943,0.222595260218973951,0.222595260218973967,Posit
776,0.679188,0.189910338167537917,0.189910338167537924,0.189910338167537912,Double
777,0.496867,0.146784876594985424,0.146784876594985429,0.146784876594985431,Posit
778,0.604479,0.173067221209829214,0.173067221209829221,0.173067221209829231,Posit
779,0.975222,0.246007260494557043,0.246007260494557053,0.246007260494557067,Posit
780,0.298729,0.092402180597234665,0.092402180597234668,0.092402180597234679,Posit
781,0.724592,0.199593292519041410,0.199593292519041417,0.199593292519041426,Posit
782,0.642925,0.181877665150628745,0.181877665150628752,0.181877665150628753,Posit
783,0.112619,0.035697437877798458,0.035697437877798459,0.035697437877798457,EQUAL
784,0.748045,0.204434067546263423,0.204434067546263431,0.204434067546263420,Double
785,0.158405,0.050006279101232314,0.050006279101232316,0.050006279101232315,Double
786,0.610088,0.174371428952439966,0.174371428952439972,0.174371428952439955,Posit
787,0.366867,0.111924444098349150,0.111924444098349154,0.111924444098349160,Posit
788,0.253522,0.079033433786389979,0.079033433786389982,0.079033433786389981,Double
789,0.0193606,0.006161903873042062,0.006161903873042062,0.006161903873042062,EQUAL
790,0.225833,0.070698798542600486,0.070698798542600488,0.070698798542600486,Double
791,0.69215,0.192716853759273699,0.192716853759273706,0.192716853759273693,Double
792,0.964369,0.244226961504662213,0.244226961504662223,0.244226961504662221,Double
793,0.0216045,0.006875845718881219,0.006875845718881219,0.006875845718881220,Posit
794,0.770454,0.208958955467386290,0.208958955467386298,0.208958955467386298,EQUAL
795,0.816212,0.217898499238774374,0.217898499238774382,0.217898499238774385,Posit
796,0.270623,0.084126964386418558,0.084126964386418561,0.084126964386418562,Posit
797,0.215077,0.067433984876974315,0.067433984876974317,0.067433984876974315,Double
798,0.664103,0.186601418825904572,0.186601418825904579,0.186601418825904586,Posit
799,0.403033,0.121950221459219126,0.121950221459219131,0.121950221459219132,Posit
800,0.509017,0.149871472843606647,0.149871472843606652,0.149871472843606662,Posit
801,0.800815,0.214934753101006414,0.214934753101006422,0.214934753101006432,Posit
802,0.526138,0.154169916333552414,0.154169916333552419,0.154169916333552426,Posit
803,0.725814,0.199848238630032419,0.199848238630032426,0.199848238630032426,EQUAL
804,0.963394,0.244066028396757397,0.244066028396757406,0.244066028396757395,Double
805,0.985494,0.247674392487773457,0.247674392487773466,0.247674392487773454,Double
806,0.711227,0.196785958814107367,0.196785958814107374,0.196785958814107403,Posit
807,0.881982,0.230065114621487548,0.230065114621487556,0.230065114621487543,Double
808,0.175147,0.055191347465842724,0.055191347465842726,0.055191347465842727,Posit
809,0.490693,0.145204723610022239,0.145204723610022244,0.145204723610022263,Posit
810,0.818602,0.218354593543067985,0.218354593543067994,0.218354593543067993,Double
811,0.73212,0.201158984585233235,0.201158984585233242,0.201158984585233236,Double
812,0.0865398,0.027478023130658513,0.027478023130658514,0.027478023130658513,Double
813,0.999964,0.249994250786153875,0.249994250786153884,0.249994250786153865,Posit
814,0.0127707,0.004064829580973827,0.004064829580973827,0.004064829580973828,Posit
815,0.151905,0.047986133356493164,0.047986133356493166,0.047986133356493162,EQUAL
816,0.854012,0.224987306449228440,0.224987306449228448,0.224987306449228430,Posit
817,0.554711,0.161209034037976461,0.161209034037976466,0.161209034037976484,Posit
818,0.223998,0.070142970371056571,0.070142970371056572,0.070142970371056573,Posit
819,0.698206,0.194016551413420878,0.194016551413420885,0.194016551413420862,Posit
820,0.903547,0.233884948932494822,0.233884948932494831,0.233884948932494841,Posit
821,0.364538,0.111270542254237458,0.111270542254237462,0.111270542254237464,Posit
822,0.0169149,0.005383659089431900,0.005383659089431899,0.005383659089431900,Double
823,0.818031,0.218245792415801859,0.218245792415801867,0.218245792415801859,Double
824,0.330405,0.101576664934792101,0.101576664934792104,0.101576664934792102,Double
825,0.12696,0.040197699534933566,0.040197699534933567,0.040197699534933573,Posit
826,0.600924,0.172237105841903013,0.172237105841903019,0.172237105841903021,Posit
827,0.686751,0.191552042699633877,0.191552042699633884,0.191552042699633884,EQUAL
828,0.0858324,0.027254494604773442,0.027254494604773443,0.027254494604773440,Posit
829,0.11887,0.037660672996446394,0.037660672996446395,0.037660672996446397,Posit
830,0.365006,0.111402052031741561,0.111402052031741564,0.111402052031741569,Posit
831,0.418752,0.126231057625003633,0.126231057625003636,0.126231057625003640,Posit
832,0.686717,0.191544717815799178,0.191544717815799185,0.191544717815799181,Double
833,0.382378,0.116254188853195080,0.116254188853195084,0.116254188853195078,Double
834,0.990196,0.248431892682874885,0.248431892682874894,0.248431892682874883,Double
835,0.122934,0.038935825366539465,0.038935825366539466,0.038935825366539466,EQUAL
836,0.234159,0.073216040099107807,0.073216040099107810,0.073216040099107815,Posit
837,0.405645,0.122664971557067230,0.122664971557067235,0.122664971557067237,Posit
838,0.796141,0.214026330381982606,0.214026330381982614,0.214026330381982627,Posit
839,0.393901,0.119441932158325377,0.119441932158325381,0.119441932158325367,Posit
840,0.553155,0.160829877392737888,0.160829877392737894,0.160829877392737908,Posit
841,0.0809549,0.025712678976159858,0.025712678976159859,0.025712678976159861,Posit
842,0.776811,0.210224840024302033,0.210224840024302041,0.210224840024302057,Posit
843,0.994344,0.249097265313787446,0.249097265313787455,0.249097265313787480,Posit
844,0.992384,0.248783290806437815,0.248783290806437824,0.248783290806437851,Posit
845,0.547656,0.159486618917160037,0.159486618917160043,0.159486618917160039,Double
846,0.339509,0.104182299706355409,0.104182299706355413,0.104182299706355411,Double
847,0.678873,0.189841896037607334,0.189841896037607341,0.189841896037607344,Posit
848,0.262,0.081563801822847273,0.081563801822847276,0.081563801822847268,Posit
849,0.109021,0.034566059206980777,0.034566059206980778,0.034566059206980776,EQUAL
850,0.57657,0.166480210200844986,0.166480210200844992,0.166480210200844969,Posit
851,0.0357528,0.011375638126472550,0.011375638126472550,0.011375638126472550,EQUAL
852,0.768837,0.208635702364936392,0.208635702364936400,0.208635702364936393,Double
853,0.401801,0.121612734473884923,0.121612734473884928,0.121612734473884918,EQUAL
854,0.696429,0.193636061422673644,0.193636061422673651,0.193636061422673644,Double
855,0.414801,0.125159460856417682,0.125159460856417686,0.125159460856417687,Posit
856,0.473246,0.140698053584795571,0.140698053584795576,0.140698053584795563,Posit
857,0.551989,0.160545663980269396,0.160545663980269402,0.160545663980269399,Double
858,0.456954,0.136434578442828373,0.136434578442828378,0.136434578442828386,Posit
859,0.190595,0.059949291936277504,0.059949291936277506,0.059949291936277509,Posit
860,0.160176,0.050556148193242557,0.050556148193242559,0.050556148193242563,Posit
861,0.794252,0.213657920720552866,0.213657920720552874,0.213657920720552869,Double
862,0.728719,0.200452968588352350,0.200452968588352357,0.200452968588352348,Double
863,0.577339,0.166663919385713229,0.166663919385713235,0.166663919385713261,Posit
864,0.784029,0.211652624343887255,0.211652624343887263,0.211652624343887263,EQUAL
865,0.343604,0.105349541264575261,0.105349541264575265,0.105349541264575255,Posit
866,0.0572244,0.018195262501138165,0.018195262501138166,0.018195262501138166,EQUAL
867,0.79998,0.214772775590056333,0.214772775590056341,0.214772775590056336,Double
868,0.181299,0.057089081735879301,0.057089081735879303,0.057089081735879302,Double
869,0.947154,0.241363108080435177,0.241363108080435186,0.241363108080435179,Double
870,0.965957,0.244488564151490490,0.244488564151490499,0.244488564151490506,Posit
871,0.237402,0.074193825383759663,0.074193825383759665,0.074193825383759668,Posit
872,0.61782,0.176158964562990122,0.176158964562990128,0.176158964562990128,EQUAL
873,0.794058,0.213620003363977047,0.213620003363977055,0.213620003363977046,Double
874,0.579694,0.167225735955179039,0.167225735955179045,0.167225735955179033,EQUAL
875,0.742122,0.203221763029540133,0.203221763029540140,0.203221763029540148,Posit
876,0.975408,0.246037599402475610,0.246037599402475619,0.246037599402475632,Posit
877,0.914962,0.235874021988139121,0.235874021988139129,0.235874021988139143,Posit
878,0.325921,0.100288204389562546,0.100288204389562550,0.100288204389562555,Posit
879,0.680705,0.190240597480300379,0.190240597480300386,0.190240597480300394,Posit
880,0.166334,0.052465353134367140,0.052465353134367141,0.052465353134367142,Posit
881,0.56051,0.162616979848136211,0.162616979848136217,0.162616979848136223,Posit
882,0.353558,0.108174800793641903,0.108174800793641907,0.108174800793641904,Double
883,0.348661,0.106787155778382473,0.106787155778382477,0.106787155778382464,Posit
884,0.687871,0.191794147327868648,0.191794147327868655,0.191794147327868647,Double
885,0.938752,0.239947389300343755,0.239947389300343764,0.239947389300343761,Double
886,0.902621,0.233722555274987854,0.233722555274987862,0.233722555274987864,Posit
887,0.240005,0.074977892371206599,0.074977892371206601,0.074977892371206611,Posit
888,0.0103695,0.003300594736887559,0.003300594736887559,0.003300594736887559,EQUAL
889,0.417755,0.125960971378373136,0.125960971378373140,0.125960971378373143,Posit
890,0.802181,0.215199526333972039,0.215199526333972047,0.215199526333972047,EQUAL
891,0.923525,0.237351307580474670,0.237351307580474678,0.237351307580474680,Posit
892,0.802554,0.215271886948087606,0.215271886948087615,0.215271886948087604,Double
893,0.772426,0.209352403771251001,0.209352403771251009,0.209352403771251000,Double
894,0.955096,0.242690492833149564,0.242690492833149573,0.242690492833149585,Posit
895,0.548371,0.159661481879322098,0.159661481879322104,0.159661481879322081,Posit
896,0.891479,0.231757455946193489,0.231757455946193498,0.231757455946193486,Double
897,0.413389,0.124776033984821720,0.124776033984821724,0.124776033984821733,Posit
898,0.151504,0.047861369921184902,0.047861369921184904,0.047861369921184907,Posit
899,0.0556191,0.017685872145709113,0.017685872145709114,0.017685872145709113,Double
900,0.512361,0.150715667136753065,0.150715667136753070,0.150715667136753051,Posit
901,0.614554,0.175405439876415192,0.175405439876415198,0.175405439876415215,Posit
902,0.941044,0.240334766693490818,0.240334766693490827,0.240334766693490853,Posit
903,0.737022,0.202172329594883869,0.202172329594883876,0.202172329594883876,EQUAL
904,0.197171,0.061966620762599911,0.061966620762599912,0.061966620762599914,Posit
905,0.357714,0.109349006726246981,0.109349006726246985,0.109349006726246992,Posit
906,0.959179,0.243368666893889206,0.243368666893889215,0.243368666893889196,Posit
907,0.727344,0.200166841214448592,0.200166841214448599,0.200166841214448582,Posit
908,0.338083,0.103775053474047056,0.103775053474047059,0.103775053474047071,Posit
909,0.837837,0.221986314463796619,0.221986314463796627,0.221986314463796630,Posit
910,0.181759,0.057231055041990478,0.057231055041990479,0.057231055041990476,Posit
911,0.994388,0.249104354174914282,0.249104354174914291,0.249104354174914278,Double
912,0.663981,0.186574385652764987,0.186574385652764993,0.186574385652764990,Double
913,0.676507,0.189325627498038268,0.189325627498038274,0.189325627498038274,EQUAL
914,0.0416852,0.013261143925585594,0.013261143925585594,0.013261143925585594,EQUAL
915,0.42851,0.128864664399733749,0.128864664399733754,0.128864664399733764,Posit
916,0.409395,0.123688581623066697,0.123688581623066701,0.123688581623066701,EQUAL
917,0.714566,0.197490529741751930,0.197490529741751937,0.197490529741751936,Double
918,0.0608268,0.019337951791789538,0.019337951791789538,0.019337951791789539,Posit
919,0.962307,0.243886461807270713,0.243886461807270722,0.243886461807270721,Double
920,0.176684,0.055665808562396537,0.055665808562396539,0.055665808562396536,Double
921,0.152147,0.048061263648396127,0.048061263648396129,0.048061263648396128,Double
922,0.318836,0.098245415611199060,0.098245415611199063,0.098245415611199052,Posit
923,0.8937,0.232150875943661138,0.232150875943661146,0.232150875943661156,Posit
924,0.421128,0.126873991342100756,0.126873991342100760,0.126873991342100756,Double
925,0.731441,0.201018217610480285,0.201018217610480293,0.201018217610480304,Posit
926,0.716306,0.197856879949120832,0.197856879949120838,0.197856879949120823,Posit
927,0.328199,0.100943203438130327,0.100943203438130331,0.100943203438130333,Posit
928,0.978547,0.246548707565128961,0.246548707565128970,0.246548707565128977,Posit
929,0.0771792,0.024518298868955150,0.024518298868955151,0.024518298868955148,Posit
930,0.0529936,0.016852613854001000,0.016852613854001000,0.016852613854001001,Posit
931,0.897327,0.232791574351731504,0.232791574351731513,0.232791574351731506,Double
932,0.962126,0.243856608805138803,0.243856608805138812,0.243856608805138819,Posit
933,0.567364,0.164272298009641952,0.164272298009641958,0.164272298009641965,Posit
934,0.897518,0.232825195936521062,0.232825195936521071,0.232825195936521095,Posit
935,0.398273,0.120644709899411182,0.120644709899411187,0.120644709899411187,EQUAL
936,0.389642,0.118266616935887642,0.118266616935887646,0.118266616935887650,Posit
937,0.663678,0.186507597257440643,0.186507597257440650,0.186507597257440649,Double
938,0.549569,0.159954504309374638,0.159954504309374644,0.159954504309374662,Posit
939,0.209412,0.065708260501985875,0.065708260501985877,0.065708260501985874,Double
940,0.58946,0.169542423013761081,0.169542423013761087,0.169542423013761073,Posit
941,0.279755,0.086829027078882979,0.086829027078882982,0.086829027078882987,Posit
942,0.279208,0.086667589023849022,0.086667589023849025,0.086667589023849023,Double
943,0.140246,0.044352399819259233,0.044352399819259234,0.044352399819259238,Posit
944,0.152537,0.048182656595004282,0.048182656595004284,0.048182656595004279,Posit
945,0.938921,0.239975995036943492,0.239975995036943501,0.239975995036943501,EQUAL
946,0.904316,0.234019706904816540,0.234019706904816549,0.234019706904816549,EQUAL
947,0.130352,0.041259760725787534,0.041259760725787535,0.041259760725787541,Posit
948,0.944499,0.240917098191119030,0.240917098191119038,0.240917098191119061,Posit
949,0.658532,0.185367676997985947,0.185367676997985954,0.185367676997985925,Posit
950,0.497672,0.146990169865287751,0.146990169865287756,0.146990169865287762,Posit
951,0.0569962,0.018122859301321980,0.018122859301321981,0.018122859301321983,Posit
952,0.934541,0.239233478270436185,0.239233478270436193,0.239233478270436201,Posit
953,0.474809,0.141104333889654691,0.141104333889654696,0.141104333889654682,Posit
954,0.0775456,0.024634216949149836,0.024634216949149837,0.024634216949149836,Double
955,0.99845,0.249753132072412984,0.249753132072412993,0.249753132072413009,Posit
956,0.881523,0.229982952071249927,0.229982952071249935,0.229982952071249913,Posit
957,0.445578,0.133425994252948381,0.133425994252948386,0.133425994252948377,Double
958,0.828635,0.220257342358118329,0.220257342358118337,0.220257342358118335,Double
959,0.603153,0.172757827778050151,0.172757827778050157,0.172757827778050155,Double
960,0.138197,0.043712568868392673,0.043712568868392674,0.043712568868392677,Posit
961,0.094818,0.030091539953221327,0.030091539953221328,0.030091539953221329,Posit
962,0.327475,0.100735205859133016,0.100735205859133020,0.100735205859133023,Posit
963,0.559721,0.162425836334055356,0.162425836334055362,0.162425836334055357,Double
964,0.586233,0.168779120064694989,0.168779120064694995,0.168779120064694976,Posit
965,0.290509,0.089994832312972335,0.089994832312972338,0.089994832312972339,Posit
966,0.316705,0.097629126319079724,0.097629126319079727,0.097629126319079718,Posit
967,0.786402,0.212119946761746285,0.212119946761746292,0.212119946761746309,Posit
968,0.216403,0.067837146927108800,0.067837146927108802,0.067837146927108807,Posit
969,0.150913,0.047677292360544730,0.047677292360544731,0.047677292360544736,Posit
970,0.314631,0.097028873439151688,0.097028873439151691,0.097028873439151689,Double
971,0.539718,0.157536189187851718,0.157536189187851723,0.157536189187851727,Posit
972,0.734732,0.201699555607399303,0.201699555607399310,0.201699555607399300,Double
973,0.969444,0.245061732528047860,0.245061732528047869,0.245061732528047888,Posit
974,0.858404,0.225794097101499611,0.225794097101499619,0.225794097101499613,Double
975,0.431092,0.129558291923665717,0.129558291923665722,0.129558291923665719,Double
976,0.268505,0.083498357342512028,0.083498357342512031,0.083498357342512042,Posit
977,0.0973703,0.030896529150683129,0.030896529150683130,0.030896529150683132,Posit
978,0.00983272,0.003129750307163259,0.003129750307163259,0.003129750307163260,Posit
979,0.391511,0.118782683858699245,0.118782683858699249,0.118782683858699251,Posit
980,0.641416,0.181537475554809416,0.181537475554809423,0.181537475554809452,Posit
981,0.284333,0.088178981305833088,0.088178981305833091,0.088178981305833085,EQUAL
982,0.0153596,0.004888717945900793,0.004888717945900793,0.004888717945900793,EQUAL
983,0.826777,0.219906447887212174,0.219906447887212183,0.219906447887212197,Posit
984,0.443168,0.132785395119131330,0.132785395119131334,0.132785395119131344,Posit
985,0.840669,0.222515090815862456,0.222515090815862464,0.222515090815862460,Double
986,0.472665,0.140546942219920202,0.140546942219920207,0.140546942219920201,Double
987,0.175005,0.055147417099503949,0.055147417099503951,0.055147417099503951,EQUAL
988,0.0308164,0.009806056753723299,0.009806056753723299,0.009806056753723300,Posit
989,0.0527349,0.016770498477470398,0.016770498477470399,0.016770498477470398,Double
990,0.556887,0.161738029141093220,0.161738029141093226,0.161738029141093226,EQUAL
991,0.0701188,0.022283043459531594,0.022283043459531594,0.022283043459531592,Posit
992,0.150425,0.047525451041500214,0.047525451041500215,0.047525451041500216,Posit
993,0.282403,0.087610079588266144,0.087610079588266147,0.087610079588266151,Posit
994,0.797804,0.214350086230212001,0.214350086230212008,0.214350086230212011,Posit
995,0.180874,0.056958135585836054,0.056958135585836056,0.056958135585836053,Double
996,0.973862,0.245785108887455656,0.245785108887455665,0.245785108887455667,Posit
997,0.474561,0.141039856178603312,0.141039856178603318,0.141039856178603318,EQUAL
998,0.259573,0.080840678166863524,0.080840678166863527,0.080840678166863536,Posit
999,0.726031,0.199893325502420062,0.199893325502420069,0.199893325502420088,Posit
Posit64RMSE,DoubleRmse
5.69354e-18,1.12313e-17
