index,base,input,MPFR,Posit64,Double,winner
0,0.397732,0,0.000000000000000000,nar,0.000000000000000000,Double
1,0.19058,0,0.000000000000000000,nar,0.000000000000000000,Double
2,0.724523,0,0.000000000000000000,nar,0.000000000000000000,Double
3,0.360308,0,0.000000000000000000,nar,0.000000000000000000,Double
4,0.251052,0,0.000000000000000000,nar,0.000000000000000000,Double
5,0.68657,0,0.000000000000000000,nar,0.000000000000000000,Double
6,0.690291,0,0.000000000000000000,nar,0.000000000000000000,Double
7,0.835988,0,0.000000000000000000,nar,0.000000000000000000,Double
8,0.175548,0,0.000000000000000000,nar,0.000000000000000000,Double
9,0.721358,0,0.000000000000000000,nar,0.000000000000000000,Double
10,0.867043,0,0.000000000000000000,nar,0.000000000000000000,Double
11,0.36876,0,0.000000000000000000,nar,0.000000000000000000,Double
12,0.869984,0,0.000000000000000000,nar,0.000000000000000000,Double
13,0.680064,0,0.000000000000000000,nar,0.000000000000000000,Double
14,0.522185,0,0.000000000000000000,nar,0.000000000000000000,Double
15,0.867184,0,0.000000000000000000,nar,0.000000000000000000,Double
16,0.430176,0,0.000000000000000000,nar,0.000000000000000000,Double
17,0.206809,0,0.000000000000000000,nar,0.000000000000000000,Double
18,0.814846,0,0.000000000000000000,nar,0.000000000000000000,Double
19,0.991916,0,0.000000000000000000,nar,0.000000000000000000,Double
20,0.474439,0,0.000000000000000000,nar,0.000000000000000000,Double
21,0.16857,0,0.000000000000000000,nar,0.000000000000000000,Double
22,0.372118,0,0.000000000000000000,nar,0.000000000000000000,Double
23,0.710743,0,0.000000000000000000,nar,0.000000000000000000,Double
24,0.678522,0,0.000000000000000000,nar,0.000000000000000000,Double
25,0.769641,0,0.000000000000000000,nar,0.000000000000000000,Double
26,0.286473,0,0.000000000000000000,nar,0.000000000000000000,Double
27,0.658345,0,0.000000000000000000,nar,0.000000000000000000,Double
28,0.984519,0,0.000000000000000000,nar,0.000000000000000000,Double
29,0.607326,0,0.000000000000000000,nar,0.000000000000000000,Double
30,0.980198,0,0.000000000000000000,nar,0.000000000000000000,Double
31,0.294642,0,0.000000000000000000,nar,0.000000000000000000,Double
32,0.651296,0,0.000000000000000000,nar,0.000000000000000000,Double
33,0.873013,0,0.000000000000000000,nar,0.000000000000000000,Double
34,0.472318,0,0.000000000000000000,nar,0.000000000000000000,Double
35,0.42752,0,0.000000000000000000,nar,0.000000000000000000,Double
36,0.73429,0,0.000000000000000000,nar,0.000000000000000000,Double
37,0.723436,0,0.000000000000000000,nar,0.000000000000000000,Double
38,0.447314,0,0.000000000000000000,nar,0.000000000000000000,Double
39,0.568801,0,0.000000000000000000,nar,0.000000000000000000,Double
40,0.509641,0,0.000000000000000000,nar,0.000000000000000000,Double
41,0.258671,0,0.000000000000000000,nar,0.000000000000000000,Double
42,0.569523,0,0.000000000000000000,nar,0.000000000000000000,Double
43,0.700521,0,0.000000000000000000,nar,0.000000000000000000,Double
44,0.403395,0,0.000000000000000000,nar,0.000000000000000000,Double
45,0.596717,0,0.000000000000000000,nar,0.000000000000000000,Double
46,0.856305,0,0.000000000000000000,nar,0.000000000000000000,Double
47,0.530628,0,0.000000000000000000,nar,0.000000000000000000,Double
48,0.250556,0,0.000000000000000000,nar,0.000000000000000000,Double
49,0.866624,0,0.000000000000000000,nar,0.000000000000000000,Double
50,0.460864,0,0.000000000000000000,nar,0.000000000000000000,Double
51,0.056954,0,0.000000000000000000,nar,0.000000000000000000,Double
52,0.451491,0,0.000000000000000000,nar,0.000000000000000000,Double
53,0.730117,0,0.000000000000000000,nar,0.000000000000000000,Double
54,0.958974,0,0.000000000000000000,nar,0.000000000000000000,Double
55,0.546663,0,0.000000000000000000,nar,0.000000000000000000,Double
56,0.359911,0,0.000000000000000000,nar,0.000000000000000000,Double
57,0.630574,0,0.000000000000000000,nar,0.000000000000000000,Double
58,0.063906,0,0.000000000000000000,nar,0.000000000000000000,Double
59,0.0939414,0,0.000000000000000000,nar,0.000000000000000000,Double
60,0.301752,0,0.000000000000000000,nar,0.000000000000000000,Double
61,0.804801,0,0.000000000000000000,nar,0.000000000000000000,Double
62,0.775558,0,0.000000000000000000,nar,0.000000000000000000,Double
63,0.832761,0,0.000000000000000000,nar,0.000000000000000000,Double
64,0.294175,0,0.000000000000000000,nar,0.000000000000000000,Double
65,0.932975,0,0.000000000000000000,nar,0.000000000000000000,Double
66,0.706334,0,0.000000000000000000,nar,0.000000000000000000,Double
67,0.400064,0,0.000000000000000000,nar,0.000000000000000000,Double
68,0.647602,0,0.000000000000000000,nar,0.000000000000000000,Double
69,0.408611,0,0.000000000000000000,nar,0.000000000000000000,Double
70,0.524841,0,0.000000000000000000,nar,0.000000000000000000,Double
71,0.173067,0,0.000000000000000000,nar,0.000000000000000000,Double
72,0.462059,0,0.000000000000000000,nar,0.000000000000000000,Double
73,0.527364,0,0.000000000000000000,nar,0.000000000000000000,Double
74,0.300222,0,0.000000000000000000,nar,0.000000000000000000,Double
75,0.988446,0,0.000000000000000000,nar,0.000000000000000000,Double
76,0.602125,0,0.000000000000000000,nar,0.000000000000000000,Double
77,0.957076,0,0.000000000000000000,nar,0.000000000000000000,Double
78,0.030007,0,0.000000000000000000,nar,0.000000000000000000,Double
79,0.6984,0,0.000000000000000000,nar,0.000000000000000000,Double
80,0.627569,0,0.000000000000000000,nar,0.000000000000000000,Double
81,0.798303,0,0.000000000000000000,nar,0.000000000000000000,Double
82,0.35437,0,0.000000000000000000,nar,0.000000000000000000,Double
83,0.713815,0,0.000000000000000000,nar,0.000000000000000000,Double
84,0.430386,0,0.000000000000000000,nar,0.000000000000000000,Double
85,0.0119816,0,0.000000000000000000,nar,0.000000000000000000,Double
86,0.0723468,0,0.000000000000000000,nar,0.000000000000000000,Double
87,0.0955808,0,0.000000000000000000,nar,0.000000000000000000,Double
88,0.473345,0,0.000000000000000000,nar,0.000000000000000000,Double
89,0.790462,0,0.000000000000000000,nar,0.000000000000000000,Double
90,0.142733,0,0.000000000000000000,nar,0.000000000000000000,Double
91,0.144132,0,0.000000000000000000,nar,0.000000000000000000,Double
92,0.121104,0,0.000000000000000000,nar,0.000000000000000000,Double
93,0.377133,0,0.000000000000000000,nar,0.000000000000000000,Double
94,0.252013,0,0.000000000000000000,nar,0.000000000000000000,Double
95,0.482507,0,0.000000000000000000,nar,0.000000000000000000,Double
96,0.73603,0,0.000000000000000000,nar,0.000000000000000000,Double
97,0.893652,0,0.000000000000000000,nar,0.000000000000000000,Double
98,0.892952,0,0.000000000000000000,nar,0.000000000000000000,Double
99,0.674359,0,0.000000000000000000,nar,0.000000000000000000,Double
100,0.194525,0,0.000000000000000000,nar,0.000000000000000000,Double
101,0.459624,0,0.000000000000000000,nar,0.000000000000000000,Double
102,0.27809,0,0.000000000000000000,nar,0.000000000000000000,Double
103,0.130066,0,0.000000000000000000,nar,0.000000000000000000,Double
104,0.133501,0,0.000000000000000000,nar,0.000000000000000000,Double
105,0.188193,0,0.000000000000000000,nar,0.000000000000000000,Double
106,0.344472,0,0.000000000000000000,nar,0.000000000000000000,Double
107,0.290603,0,0.000000000000000000,nar,0.000000000000000000,Double
108,0.774723,0,0.000000000000000000,nar,0.000000000000000000,Double
109,0.513763,0,0.000000000000000000,nar,0.000000000000000000,Double
110,0.163266,0,0.000000000000000000,nar,0.000000000000000000,Double
111,0.325848,0,0.000000000000000000,nar,0.000000000000000000,Double
112,0.261982,0,0.000000000000000000,nar,0.000000000000000000,Double
113,0.547503,0,0.000000000000000000,nar,0.000000000000000000,Double
114,0.995909,0,0.000000000000000000,nar,0.000000000000000000,Double
115,0.214573,0,0.000000000000000000,nar,0.000000000000000000,Double
116,0.74766,0,0.000000000000000000,nar,0.000000000000000000,Double
117,0.103764,0,0.000000000000000000,nar,0.000000000000000000,Double
118,0.198535,0,0.000000000000000000,nar,0.000000000000000000,Double
119,0.793355,0,0.000000000000000000,nar,0.000000000000000000,Double
120,0.408857,0,0.000000000000000000,nar,0.000000000000000000,Double
121,0.260881,0,0.000000000000000000,nar,0.000000000000000000,Double
122,0.439406,0,0.000000000000000000,nar,0.000000000000000000,Double
123,0.536871,0,0.000000000000000000,nar,0.000000000000000000,Double
124,0.121633,0,0.000000000000000000,nar,0.000000000000000000,Double
125,0.682227,0,0.000000000000000000,nar,0.000000000000000000,Double
126,0.955195,0,0.000000000000000000,nar,0.000000000000000000,Double
127,0.804687,0,0.000000000000000000,nar,0.000000000000000000,Double
128,0.932424,0,0.000000000000000000,nar,0.000000000000000000,Double
129,0.175934,0,0.000000000000000000,nar,0.000000000000000000,Double
130,0.243273,0,0.000000000000000000,nar,0.000000000000000000,Double
131,0.700915,0,0.000000000000000000,nar,0.000000000000000000,Double
132,0.399834,0,0.000000000000000000,nar,0.000000000000000000,Double
133,0.628015,0,0.000000000000000000,nar,0.000000000000000000,Double
134,0.00389033,0,0.000000000000000000,nar,0.000000000000000000,Double
135,0.803397,0,0.000000000000000000,nar,0.000000000000000000,Double
136,0.340576,0,0.000000000000000000,nar,0.000000000000000000,Double
137,0.0410781,0,0.000000000000000000,nar,0.000000000000000000,Double
138,0.84782,0,0.000000000000000000,nar,0.000000000000000000,Double
139,0.700021,0,0.000000000000000000,nar,0.000000000000000000,Double
140,0.958588,0,0.000000000000000000,nar,0.000000000000000000,Double
141,0.162271,0,0.000000000000000000,nar,0.000000000000000000,Double
142,0.522372,0,0.000000000000000000,nar,0.000000000000000000,Double
143,0.375677,0,0.000000000000000000,nar,0.000000000000000000,Double
144,0.45807,0,0.000000000000000000,nar,0.000000000000000000,Double
145,0.712721,0,0.000000000000000000,nar,0.000000000000000000,Double
146,0.932144,0,0.000000000000000000,nar,0.000000000000000000,Double
147,0.245145,0,0.000000000000000000,nar,0.000000000000000000,Double
148,0.353384,0,0.000000000000000000,nar,0.000000000000000000,Double
149,0.441594,0,0.000000000000000000,nar,0.000000000000000000,Double
150,0.338065,0,0.000000000000000000,nar,0.000000000000000000,Double
151,0.0127419,0,0.000000000000000000,nar,0.000000000000000000,Double
152,0.413011,0,0.000000000000000000,nar,0.000000000000000000,Double
153,0.778816,0,0.000000000000000000,nar,0.000000000000000000,Double
154,0.336801,0,0.000000000000000000,nar,0.000000000000000000,Double
155,0.508099,0,0.000000000000000000,nar,0.000000000000000000,Double
156,0.0202351,0,0.000000000000000000,nar,0.000000000000000000,Double
157,0.488741,0,0.000000000000000000,nar,0.000000000000000000,Double
158,0.0722124,0,0.000000000000000000,nar,0.000000000000000000,Double
159,0.221565,0,0.000000000000000000,nar,0.000000000000000000,Double
160,0.653641,0,0.000000000000000000,nar,0.000000000000000000,Double
161,0.302363,0,0.000000000000000000,nar,0.000000000000000000,Double
162,0.352712,0,0.000000000000000000,nar,0.000000000000000000,Double
163,0.114165,0,0.000000000000000000,nar,0.000000000000000000,Double
164,0.367793,0,0.000000000000000000,nar,0.000000000000000000,Double
165,0.656283,0,0.000000000000000000,nar,0.000000000000000000,Double
166,0.0235333,0,0.000000000000000000,nar,0.000000000000000000,Double
167,0.963443,0,0.000000000000000000,nar,0.000000000000000000,Double
168,0.0503665,0,0.000000000000000000,nar,0.000000000000000000,Double
169,0.404114,0,0.000000000000000000,nar,0.000000000000000000,Double
170,0.158652,0,0.000000000000000000,nar,0.000000000000000000,Double
171,0.929018,0,0.000000000000000000,nar,0.000000000000000000,Double
172,0.212772,0,0.000000000000000000,nar,0.000000000000000000,Double
173,0.173103,0,0.000000000000000000,nar,0.000000000000000000,Double
174,0.691203,0,0.000000000000000000,nar,0.000000000000000000,Double
175,0.984925,0,0.000000000000000000,nar,0.000000000000000000,Double
176,0.5921,0,0.000000000000000000,nar,0.000000000000000000,Double
177,0.312628,0,0.000000000000000000,nar,0.000000000000000000,Double
178,0.0902645,0,0.000000000000000000,nar,0.000000000000000000,Double
179,0.507362,0,0.000000000000000000,nar,0.000000000000000000,Double
180,0.30726,0,0.000000000000000000,nar,0.000000000000000000,Double
181,0.693485,0,0.000000000000000000,nar,0.000000000000000000,Double
182,0.170672,0,0.000000000000000000,nar,0.000000000000000000,Double
183,0.503684,0,0.000000000000000000,nar,0.000000000000000000,Double
184,0.206719,0,0.000000000000000000,nar,0.000000000000000000,Double
185,0.146843,0,0.000000000000000000,nar,0.000000000000000000,Double
186,0.0235565,0,0.000000000000000000,nar,0.000000000000000000,Double
187,0.709675,0,0.000000000000000000,nar,0.000000000000000000,Double
188,0.193701,0,0.000000000000000000,nar,0.000000000000000000,Double
189,0.556725,0,0.000000000000000000,nar,0.000000000000000000,Double
190,0.0508277,0,0.000000000000000000,nar,0.000000000000000000,Double
191,0.240744,0,0.000000000000000000,nar,0.000000000000000000,Double
192,0.0391635,0,0.000000000000000000,nar,0.000000000000000000,Double
193,0.322219,0,0.000000000000000000,nar,0.000000000000000000,Double
194,0.228408,0,0.000000000000000000,nar,0.000000000000000000,Double
195,0.344462,0,0.000000000000000000,nar,0.000000000000000000,Double
196,0.0590339,0,0.000000000000000000,nar,0.000000000000000000,Double
197,0.497335,0,0.000000000000000000,nar,0.000000000000000000,Double
198,0.696577,0,0.000000000000000000,nar,0.000000000000000000,Double
199,0.858862,0,0.000000000000000000,nar,0.000000000000000000,Double
200,0.357542,0,0.000000000000000000,nar,0.000000000000000000,Double
201,0.422036,0,0.000000000000000000,nar,0.000000000000000000,Double
202,0.500952,0,0.000000000000000000,nar,0.000000000000000000,Double
203,0.363708,0,0.000000000000000000,nar,0.000000000000000000,Double
204,0.992051,0,0.000000000000000000,nar,0.000000000000000000,Double
205,0.215374,0,0.000000000000000000,nar,0.000000000000000000,Double
206,0.56868,0,0.000000000000000000,nar,0.000000000000000000,Double
207,0.213278,0,0.000000000000000000,nar,0.000000000000000000,Double
208,0.0930628,0,0.000000000000000000,nar,0.000000000000000000,Double
209,0.308563,0,0.000000000000000000,nar,0.000000000000000000,Double
210,0.330881,0,0.000000000000000000,nar,0.000000000000000000,Double
211,0.45986,0,0.000000000000000000,nar,0.000000000000000000,Double
212,0.939774,0,0.000000000000000000,nar,0.000000000000000000,Double
213,0.498512,0,0.000000000000000000,nar,0.000000000000000000,Double
214,0.125613,0,0.000000000000000000,nar,0.000000000000000000,Double
215,0.587803,0,0.000000000000000000,nar,0.000000000000000000,Double
216,0.617514,0,0.000000000000000000,nar,0.000000000000000000,Double
217,0.744836,0,0.000000000000000000,nar,0.000000000000000000,Double
218,0.671568,0,0.000000000000000000,nar,0.000000000000000000,Double
219,0.811679,0,0.000000000000000000,nar,0.000000000000000000,Double
220,0.725809,0,0.000000000000000000,nar,0.000000000000000000,Double
221,0.836036,0,0.000000000000000000,nar,0.000000000000000000,Double
222,0.800465,0,0.000000000000000000,nar,0.000000000000000000,Double
223,0.455612,0,0.000000000000000000,nar,0.000000000000000000,Double
224,0.108831,0,0.000000000000000000,nar,0.000000000000000000,Double
225,0.25274,0,0.000000000000000000,nar,0.000000000000000000,Double
226,0.983405,0,0.000000000000000000,nar,0.000000000000000000,Double
227,0.452814,0,0.000000000000000000,nar,0.000000000000000000,Double
228,0.194691,0,0.000000000000000000,nar,0.000000000000000000,Double
229,0.815035,0,0.000000000000000000,nar,0.000000000000000000,Double
230,0.96149,0,0.000000000000000000,nar,0.000000000000000000,Double
231,0.874076,0,0.000000000000000000,nar,0.000000000000000000,Double
232,0.752902,0,0.000000000000000000,nar,0.000000000000000000,Double
233,0.613379,0,0.000000000000000000,nar,0.000000000000000000,Double
234,0.925244,0,0.000000000000000000,nar,0.000000000000000000,Double
235,0.660591,0,0.000000000000000000,nar,0.000000000000000000,Double
236,0.450822,0,0.000000000000000000,nar,0.000000000000000000,Double
237,0.489842,0,0.000000000000000000,nar,0.000000000000000000,Double
238,0.956816,0,0.000000000000000000,nar,0.000000000000000000,Double
239,0.0824999,0,0.000000000000000000,nar,0.000000000000000000,Double
240,0.628724,0,0.000000000000000000,nar,0.000000000000000000,Double
241,0.844752,0,0.000000000000000000,nar,0.000000000000000000,Double
242,0.423762,0,0.000000000000000000,nar,0.000000000000000000,Double
243,0.521211,0,0.000000000000000000,nar,0.000000000000000000,Double
244,0.465032,0,0.000000000000000000,nar,0.000000000000000000,Double
245,0.611064,0,0.000000000000000000,nar,0.000000000000000000,Double
246,0.135125,0,0.000000000000000000,nar,0.000000000000000000,Double
247,0.914942,0,0.000000000000000000,nar,0.000000000000000000,Double
248,0.429878,0,0.000000000000000000,nar,0.000000000000000000,Double
249,0.67447,0,0.000000000000000000,nar,0.000000000000000000,Double
250,0.287237,0,0.000000000000000000,nar,0.000000000000000000,Double
251,0.116552,0,0.000000000000000000,nar,0.000000000000000000,Double
252,0.0444696,0,0.000000000000000000,nar,0.000000000000000000,Double
253,0.725458,0,0.000000000000000000,nar,0.000000000000000000,Double
254,0.30941,0,0.000000000000000000,nar,0.000000000000000000,Double
255,0.537213,0,0.000000000000000000,nar,0.000000000000000000,Double
256,0.950386,0,0.000000000000000000,nar,0.000000000000000000,Double
257,0.275899,0,0.000000000000000000,nar,0.000000000000000000,Double
258,0.164838,0,0.000000000000000000,nar,0.000000000000000000,Double
259,0.362667,0,0.000000000000000000,nar,0.000000000000000000,Double
260,0.0808821,0,0.000000000000000000,nar,0.000000000000000000,Double
261,0.211871,0,0.000000000000000000,nar,0.000000000000000000,Double
262,0.231509,0,0.000000000000000000,nar,0.000000000000000000,Double
263,0.0143835,0,0.000000000000000000,nar,0.000000000000000000,Double
264,0.936388,0,0.000000000000000000,nar,0.000000000000000000,Double
265,0.153689,0,0.000000000000000000,nar,0.000000000000000000,Double
266,0.837808,0,0.000000000000000000,nar,0.000000000000000000,Double
267,0.501614,0,0.000000000000000000,nar,0.000000000000000000,Double
268,0.637097,0,0.000000000000000000,nar,0.000000000000000000,Double
269,0.718177,0,0.000000000000000000,nar,0.000000000000000000,Double
270,0.971953,0,0.000000000000000000,nar,0.000000000000000000,Double
271,0.0103741,0,0.000000000000000000,nar,0.000000000000000000,Double
272,0.199279,0,0.000000000000000000,nar,0.000000000000000000,Double
273,0.218905,0,0.000000000000000000,nar,0.000000000000000000,Double
274,0.286797,0,0.000000000000000000,nar,0.000000000000000000,Double
275,0.448282,0,0.000000000000000000,nar,0.000000000000000000,Double
276,0.337935,0,0.000000000000000000,nar,0.000000000000000000,Double
277,0.453362,0,0.000000000000000000,nar,0.000000000000000000,Double
278,0.179042,0,0.000000000000000000,nar,0.000000000000000000,Double
279,0.353106,0,0.000000000000000000,nar,0.000000000000000000,Double
280,0.889182,0,0.000000000000000000,nar,0.000000000000000000,Double
281,0.530791,0,0.000000000000000000,nar,0.000000000000000000,Double
282,0.323402,0,0.000000000000000000,nar,0.000000000000000000,Double
283,0.544392,0,0.000000000000000000,nar,0.000000000000000000,Double
284,0.725504,0,0.000000000000000000,nar,0.000000000000000000,Double
285,0.715354,0,0.000000000000000000,nar,0.000000000000000000,Double
286,0.146667,0,0.000000000000000000,nar,0.000000000000000000,Double
287,0.0542372,0,0.000000000000000000,nar,0.000000000000000000,Double
288,0.974222,0,0.000000000000000000,nar,0.000000000000000000,Double
289,0.789359,0,0.000000000000000000,nar,0.000000000000000000,Double
290,0.126493,0,0.000000000000000000,nar,0.000000000000000000,Double
291,0.275917,0,0.000000000000000000,nar,0.000000000000000000,Double
292,0.793533,0,0.000000000000000000,nar,0.000000000000000000,Double
293,0.542029,0,0.000000000000000000,nar,0.000000000000000000,Double
294,0.608382,0,0.000000000000000000,nar,0.000000000000000000,Double
295,0.573154,0,0.000000000000000000,nar,0.000000000000000000,Double
296,0.798102,0,0.000000000000000000,nar,0.000000000000000000,Double
297,0.527537,0,0.000000000000000000,nar,0.000000000000000000,Double
298,0.479169,0,0.000000000000000000,nar,0.000000000000000000,Double
299,0.721718,0,0.000000000000000000,nar,0.000000000000000000,Double
300,0.870229,0,0.000000000000000000,nar,0.000000000000000000,Double
301,0.830413,0,0.000000000000000000,nar,0.000000000000000000,Double
302,0.734951,0,0.000000000000000000,nar,0.000000000000000000,Double
303,0.268662,0,0.000000000000000000,nar,0.000000000000000000,Double
304,0.1864,0,0.000000000000000000,nar,0.000000000000000000,Double
305,0.168419,0,0.000000000000000000,nar,0.000000000000000000,Double
306,0.305919,0,0.000000000000000000,nar,0.000000000000000000,Double
307,0.930565,0,0.000000000000000000,nar,0.000000000000000000,Double
308,0.309598,0,0.000000000000000000,nar,0.000000000000000000,Double
309,0.837083,0,0.000000000000000000,nar,0.000000000000000000,Double
310,0.542476,0,0.000000000000000000,nar,0.000000000000000000,Double
311,0.0100314,0,0.000000000000000000,nar,0.000000000000000000,Double
312,0.938675,0,0.000000000000000000,nar,0.000000000000000000,Double
313,0.18273,0,0.000000000000000000,nar,0.000000000000000000,Double
314,0.362745,0,0.000000000000000000,nar,0.000000000000000000,Double
315,0.207901,0,0.000000000000000000,nar,0.000000000000000000,Double
316,0.125153,0,0.000000000000000000,nar,0.000000000000000000,Double
317,0.632437,0,0.000000000000000000,nar,0.000000000000000000,Double
318,0.139676,0,0.000000000000000000,nar,0.000000000000000000,Double
319,0.1781,0,0.000000000000000000,nar,0.000000000000000000,Double
320,0.0860646,0,0.000000000000000000,nar,0.000000000000000000,Double
321,0.35977,0,0.000000000000000000,nar,0.000000000000000000,Double
322,0.885313,0,0.000000000000000000,nar,0.000000000000000000,Double
323,0.942871,0,0.000000000000000000,nar,0.000000000000000000,Double
324,0.29943,0,0.000000000000000000,nar,0.000000000000000000,Double
325,0.515324,0,0.000000000000000000,nar,0.000000000000000000,Double
326,0.668516,0,0.000000000000000000,nar,0.000000000000000000,Double
327,0.372652,0,0.000000000000000000,nar,0.000000000000000000,Double
328,0.263921,0,0.000000000000000000,nar,0.000000000000000000,Double
329,0.193388,0,0.000000000000000000,nar,0.000000000000000000,Double
330,0.93366,0,0.000000000000000000,nar,0.000000000000000000,Double
331,0.223992,0,0.000000000000000000,nar,0.000000000000000000,Double
332,0.412301,0,0.000000000000000000,nar,0.000000000000000000,Double
333,0.157816,0,0.000000000000000000,nar,0.000000000000000000,Double
334,0.448615,0,0.000000000000000000,nar,0.000000000000000000,Double
335,0.131374,0,0.000000000000000000,nar,0.000000000000000000,Double
336,0.361797,0,0.000000000000000000,nar,0.000000000000000000,Double
337,0.671912,0,0.000000000000000000,nar,0.000000000000000000,Double
338,0.44372,0,0.000000000000000000,nar,0.000000000000000000,Double
339,0.244844,0,0.000000000000000000,nar,0.000000000000000000,Double
340,0.612402,0,0.000000000000000000,nar,0.000000000000000000,Double
341,0.634541,0,0.000000000000000000,nar,0.000000000000000000,Double
342,0.530577,0,0.000000000000000000,nar,0.000000000000000000,Double
343,0.906841,0,0.000000000000000000,nar,0.000000000000000000,Double
344,0.81347,0,0.000000000000000000,nar,0.000000000000000000,Double
345,0.432558,0,0.000000000000000000,nar,0.000000000000000000,Double
346,0.169133,0,0.000000000000000000,nar,0.000000000000000000,Double
347,0.506374,0,0.000000000000000000,nar,0.000000000000000000,Double
348,0.225816,0,0.000000000000000000,nar,0.000000000000000000,Double
349,0.955123,0,0.000000000000000000,nar,0.000000000000000000,Double
350,0.246072,0,0.000000000000000000,nar,0.000000000000000000,Double
351,0.481723,0,0.000000000000000000,nar,0.000000000000000000,Double
352,0.677929,0,0.000000000000000000,nar,0.000000000000000000,Double
353,0.957105,0,0.000000000000000000,nar,0.000000000000000000,Double
354,0.366422,0,0.000000000000000000,nar,0.000000000000000000,Double
355,0.640512,0,0.000000000000000000,nar,0.000000000000000000,Double
356,0.61171,0,0.000000000000000000,nar,0.000000000000000000,Double
357,0.379101,0,0.000000000000000000,nar,0.000000000000000000,Double
358,0.805111,0,0.000000000000000000,nar,0.000000000000000000,Double
359,0.863815,0,0.000000000000000000,nar,0.000000000000000000,Double
360,0.109152,0,0.000000000000000000,nar,0.000000000000000000,Double
361,0.271938,0,0.000000000000000000,nar,0.000000000000000000,Double
362,0.531842,0,0.000000000000000000,nar,0.000000000000000000,Double
363,0.891117,0,0.000000000000000000,nar,0.000000000000000000,Double
364,0.679628,0,0.000000000000000000,nar,0.000000000000000000,Double
365,0.505732,0,0.000000000000000000,nar,0.000000000000000000,Double
366,0.0289583,0,0.000000000000000000,nar,0.000000000000000000,Double
367,0.138763,0,0.000000000000000000,nar,0.000000000000000000,Double
368,0.085625,0,0.000000000000000000,nar,0.000000000000000000,Double
369,0.935909,0,0.000000000000000000,nar,0.000000000000000000,Double
370,0.763205,0,0.000000000000000000,nar,0.000000000000000000,Double
371,0.388544,0,0.000000000000000000,nar,0.000000000000000000,Double
372,0.398245,0,0.000000000000000000,nar,0.000000000000000000,Double
373,0.939293,0,0.000000000000000000,nar,0.000000000000000000,Double
374,0.0692475,0,0.000000000000000000,nar,0.000000000000000000,Double
375,0.477072,0,0.000000000000000000,nar,0.000000000000000000,Double
376,0.257954,0,0.000000000000000000,nar,0.000000000000000000,Double
377,0.0577577,0,0.000000000000000000,nar,0.000000000000000000,Double
378,0.279328,0,0.000000000000000000,nar,0.000000000000000000,Double
379,0.811888,0,0.000000000000000000,nar,0.000000000000000000,Double
380,0.457066,0,0.000000000000000000,nar,0.000000000000000000,Double
381,0.114147,0,0.000000000000000000,nar,0.000000000000000000,Double
382,0.364365,0,0.000000000000000000,nar,0.000000000000000000,Double
383,0.957235,0,0.000000000000000000,nar,0.000000000000000000,Double
384,0.545972,0,0.000000000000000000,nar,0.000000000000000000,Double
385,0.628,0,0.000000000000000000,nar,0.000000000000000000,Double
386,0.587356,0,0.000000000000000000,nar,0.000000000000000000,Double
387,0.583523,0,0.000000000000000000,nar,0.000000000000000000,Double
388,0.203238,0,0.000000000000000000,nar,0.000000000000000000,Double
389,0.839264,0,0.000000000000000000,nar,0.000000000000000000,Double
390,0.86638,0,0.000000000000000000,nar,0.000000000000000000,Double
391,0.892574,0,0.000000000000000000,nar,0.000000000000000000,Double
392,0.602895,0,0.000000000000000000,nar,0.000000000000000000,Double
393,0.313936,0,0.000000000000000000,nar,0.000000000000000000,Double
394,0.798715,0,0.000000000000000000,nar,0.000000000000000000,Double
395,0.711302,0,0.000000000000000000,nar,0.000000000000000000,Double
396,0.460618,0,0.000000000000000000,nar,0.000000000000000000,Double
397,0.637629,0,0.000000000000000000,nar,0.000000000000000000,Double
398,0.66577,0,0.000000000000000000,nar,0.000000000000000000,Double
399,0.679532,0,0.000000000000000000,nar,0.000000000000000000,Double
400,0.802846,0,0.000000000000000000,nar,0.000000000000000000,Double
401,0.154815,0,0.000000000000000000,nar,0.000000000000000000,Double
402,0.128793,0,0.000000000000000000,nar,0.000000000000000000,Double
403,0.378339,0,0.000000000000000000,nar,0.000000000000000000,Double
404,0.0376019,0,0.000000000000000000,nar,0.000000000000000000,Double
405,0.931111,0,0.000000000000000000,nar,0.000000000000000000,Double
406,0.632849,0,0.000000000000000000,nar,0.000000000000000000,Double
407,0.931875,0,0.000000000000000000,nar,0.000000000000000000,Double
408,0.363295,0,0.000000000000000000,nar,0.000000000000000000,Double
409,0.156527,0,0.000000000000000000,nar,0.000000000000000000,Double
410,0.282124,0,0.000000000000000000,nar,0.000000000000000000,Double
411,0.881285,0,0.000000000000000000,nar,0.000000000000000000,Double
412,0.573534,0,0.000000000000000000,nar,0.000000000000000000,Double
413,0.894101,0,0.000000000000000000,nar,0.000000000000000000,Double
414,0.998442,0,0.000000000000000000,nar,0.000000000000000000,Double
415,0.814271,0,0.000000000000000000,nar,0.000000000000000000,Double
416,0.354844,0,0.000000000000000000,nar,0.000000000000000000,Double
417,0.228223,0,0.000000000000000000,nar,0.000000000000000000,Double
418,0.213967,0,0.000000000000000000,nar,0.000000000000000000,Double
419,0.907356,0,0.000000000000000000,nar,0.000000000000000000,Double
420,0.334238,0,0.000000000000000000,nar,0.000000000000000000,Double
421,0.408181,0,0.000000000000000000,nar,0.000000000000000000,Double
422,0.786898,0,0.000000000000000000,nar,0.000000000000000000,Double
423,0.193109,0,0.000000000000000000,nar,0.000000000000000000,Double
424,0.572128,0,0.000000000000000000,nar,0.000000000000000000,Double
425,0.0994344,0,0.000000000000000000,nar,0.000000000000000000,Double
426,0.130827,0,0.000000000000000000,nar,0.000000000000000000,Double
427,0.636945,0,0.000000000000000000,nar,0.000000000000000000,Double
428,0.83983,0,0.000000000000000000,nar,0.000000000000000000,Double
429,0.942704,0,0.000000000000000000,nar,0.000000000000000000,Double
430,0.381066,0,0.000000000000000000,nar,0.000000000000000000,Double
431,0.43244,0,0.000000000000000000,nar,0.000000000000000000,Double
432,0.442663,0,0.000000000000000000,nar,0.000000000000000000,Double
433,0.411485,0,0.000000000000000000,nar,0.000000000000000000,Double
434,0.624672,0,0.000000000000000000,nar,0.000000000000000000,Double
435,0.691393,0,0.000000000000000000,nar,0.000000000000000000,Double
436,0.682904,0,0.000000000000000000,nar,0.000000000000000000,Double
437,0.925151,0,0.000000000000000000,nar,0.000000000000000000,Double
438,0.881619,0,0.000000000000000000,nar,0.000000000000000000,Double
439,0.430607,0,0.000000000000000000,nar,0.000000000000000000,Double
440,0.241108,0,0.000000000000000000,nar,0.000000000000000000,Double
441,0.239719,0,0.000000000000000000,nar,0.000000000000000000,Double
442,0.848401,0,0.000000000000000000,nar,0.000000000000000000,Double
443,0.09175,0,0.000000000000000000,nar,0.000000000000000000,Double
444,0.068544,0,0.000000000000000000,nar,0.000000000000000000,Double
445,0.0776008,0,0.000000000000000000,nar,0.000000000000000000,Double
446,0.188466,0,0.000000000000000000,nar,0.000000000000000000,Double
447,0.300036,0,0.000000000000000000,nar,0.000000000000000000,Double
448,0.753653,0,0.000000000000000000,nar,0.000000000000000000,Double
449,0.768994,0,0.000000000000000000,nar,0.000000000000000000,Double
450,0.96488,0,0.000000000000000000,nar,0.000000000000000000,Double
451,0.793767,0,0.000000000000000000,nar,0.000000000000000000,Double
452,0.0699044,0,0.000000000000000000,nar,0.000000000000000000,Double
453,0.81345,0,0.000000000000000000,nar,0.000000000000000000,Double
454,0.58551,0,0.000000000000000000,nar,0.000000000000000000,Double
455,0.27669,0,0.000000000000000000,nar,0.000000000000000000,Double
456,0.381353,0,0.000000000000000000,nar,0.000000000000000000,Double
457,0.0514547,0,0.000000000000000000,nar,0.000000000000000000,Double
458,0.976487,0,0.000000000000000000,nar,0.000000000000000000,Double
459,0.558507,0,0.000000000000000000,nar,0.000000000000000000,Double
460,0.781396,0,0.000000000000000000,nar,0.000000000000000000,Double
461,0.497916,0,0.000000000000000000,nar,0.000000000000000000,Double
462,0.414298,0,0.000000000000000000,nar,0.000000000000000000,Double
463,0.868199,0,0.000000000000000000,nar,0.000000000000000000,Double
464,0.0539602,0,0.000000000000000000,nar,0.000000000000000000,Double
465,0.842885,0,0.000000000000000000,nar,0.000000000000000000,Double
466,0.901436,0,0.000000000000000000,nar,0.000000000000000000,Double
467,0.545175,0,0.000000000000000000,nar,0.000000000000000000,Double
468,0.958552,0,0.000000000000000000,nar,0.000000000000000000,Double
469,0.655252,0,0.000000000000000000,nar,0.000000000000000000,Double
470,0.427595,0,0.000000000000000000,nar,0.000000000000000000,Double
471,0.518099,0,0.000000000000000000,nar,0.000000000000000000,Double
472,0.628045,0,0.000000000000000000,nar,0.000000000000000000,Double
473,0.813922,0,0.000000000000000000,nar,0.000000000000000000,Double
474,0.789792,0,0.000000000000000000,nar,0.000000000000000000,Double
475,0.12378,0,0.000000000000000000,nar,0.000000000000000000,Double
476,0.999683,0,0.000000000000000000,nar,0.000000000000000000,Double
477,0.648085,0,0.000000000000000000,nar,0.000000000000000000,Double
478,0.642876,0,0.000000000000000000,nar,0.000000000000000000,Double
479,0.219984,0,0.000000000000000000,nar,0.000000000000000000,Double
480,0.326892,0,0.000000000000000000,nar,0.000000000000000000,Double
481,0.630297,0,0.000000000000000000,nar,0.000000000000000000,Double
482,0.675665,0,0.000000000000000000,nar,0.000000000000000000,Double
483,0.856756,0,0.000000000000000000,nar,0.000000000000000000,Double
484,0.0342736,0,0.000000000000000000,nar,0.000000000000000000,Double
485,0.531217,0,0.000000000000000000,nar,0.000000000000000000,Double
486,0.435477,0,0.000000000000000000,nar,0.000000000000000000,Double
487,0.574572,0,0.000000000000000000,nar,0.000000000000000000,Double
488,0.760102,0,0.000000000000000000,nar,0.000000000000000000,Double
489,0.194904,0,0.000000000000000000,nar,0.000000000000000000,Double
490,0.915697,0,0.000000000000000000,nar,0.000000000000000000,Double
491,0.658025,0,0.000000000000000000,nar,0.000000000000000000,Double
492,0.485378,0,0.000000000000000000,nar,0.000000000000000000,Double
493,0.37514,0,0.000000000000000000,nar,0.000000000000000000,Double
494,0.850326,0,0.000000000000000000,nar,0.000000000000000000,Double
495,0.522986,0,0.000000000000000000,nar,0.000000000000000000,Double
496,0.904719,0,0.000000000000000000,nar,0.000000000000000000,Double
497,0.555192,0,0.000000000000000000,nar,0.000000000000000000,Double
498,0.561258,0,0.000000000000000000,nar,0.000000000000000000,Double
499,0.783358,0,0.000000000000000000,nar,0.000000000000000000,Double
500,0.165178,0,0.000000000000000000,nar,0.000000000000000000,Double
501,0.875753,0,0.000000000000000000,nar,0.000000000000000000,Double
502,0.238939,0,0.000000000000000000,nar,0.000000000000000000,Double
503,0.508295,0,0.000000000000000000,nar,0.000000000000000000,Double
504,0.637766,0,0.000000000000000000,nar,0.000000000000000000,Double
505,0.6899,0,0.000000000000000000,nar,0.000000000000000000,Double
506,0.569777,0,0.000000000000000000,nar,0.000000000000000000,Double
507,0.194341,0,0.000000000000000000,nar,0.000000000000000000,Double
508,0.130574,0,0.000000000000000000,nar,0.000000000000000000,Double
509,0.205153,0,0.000000000000000000,nar,0.000000000000000000,Double
510,0.402684,0,0.000000000000000000,nar,0.000000000000000000,Double
511,0.458762,0,0.000000000000000000,nar,0.000000000000000000,Double
512,0.612919,0,0.000000000000000000,nar,0.000000000000000000,Double
513,0.731475,0,0.000000000000000000,nar,0.000000000000000000,Double
514,0.367884,0,0.000000000000000000,nar,0.000000000000000000,Double
515,0.379746,0,0.000000000000000000,nar,0.000000000000000000,Double
516,0.740704,0,0.000000000000000000,nar,0.000000000000000000,Double
517,0.909548,0,0.000000000000000000,nar,0.000000000000000000,Double
518,0.227855,0,0.000000000000000000,nar,0.000000000000000000,Double
519,0.413886,0,0.000000000000000000,nar,0.000000000000000000,Double
520,0.763011,0,0.000000000000000000,nar,0.000000000000000000,Double
521,0.650273,0,0.000000000000000000,nar,0.000000000000000000,Double
522,0.917116,0,0.000000000000000000,nar,0.000000000000000000,Double
523,0.376957,0,0.000000000000000000,nar,0.000000000000000000,Double
524,0.244244,0,0.000000000000000000,nar,0.000000000000000000,Double
525,0.801414,0,0.000000000000000000,nar,0.000000000000000000,Double
526,0.207781,0,0.000000000000000000,nar,0.000000000000000000,Double
527,0.538329,0,0.000000000000000000,nar,0.000000000000000000,Double
528,0.77244,0,0.000000000000000000,nar,0.000000000000000000,Double
529,0.318055,0,0.000000000000000000,nar,0.000000000000000000,Double
530,0.857958,0,0.000000000000000000,nar,0.000000000000000000,Double
531,0.0372628,0,0.000000000000000000,nar,0.000000000000000000,Double
532,0.67086,0,0.000000000000000000,nar,0.000000000000000000,Double
533,0.722508,0,0.000000000000000000,nar,0.000000000000000000,Double
534,0.903682,0,0.000000000000000000,nar,0.000000000000000000,Double
535,0.506066,0,0.000000000000000000,nar,0.000000000000000000,Double
536,0.948731,0,0.000000000000000000,nar,0.000000000000000000,Double
537,0.923169,0,0.000000000000000000,nar,0.000000000000000000,Double
538,0.138614,0,0.000000000000000000,nar,0.000000000000000000,Double
539,0.0686309,0,0.000000000000000000,nar,0.000000000000000000,Double
540,0.277765,0,0.000000000000000000,nar,0.000000000000000000,Double
541,0.303681,0,0.000000000000000000,nar,0.000000000000000000,Double
542,0.5745,0,0.000000000000000000,nar,0.000000000000000000,Double
543,0.770085,0,0.000000000000000000,nar,0.000000000000000000,Double
544,0.194115,0,0.000000000000000000,nar,0.000000000000000000,Double
545,0.313041,0,0.000000000000000000,nar,0.000000000000000000,Double
546,0.32521,0,0.000000000000000000,nar,0.000000000000000000,Double
547,0.83858,0,0.000000000000000000,nar,0.000000000000000000,Double
548,0.988471,0,0.000000000000000000,nar,0.000000000000000000,Double
549,0.68514,0,0.000000000000000000,nar,0.000000000000000000,Double
550,0.237237,0,0.000000000000000000,nar,0.000000000000000000,Double
551,0.626313,0,0.000000000000000000,nar,0.000000000000000000,Double
552,0.509184,0,0.000000000000000000,nar,0.000000000000000000,Double
553,0.465662,0,0.000000000000000000,nar,0.000000000000000000,Double
554,0.506155,0,0.000000000000000000,nar,0.000000000000000000,Double
555,0.87979,0,0.000000000000000000,nar,0.000000000000000000,Double
556,0.772958,0,0.000000000000000000,nar,0.000000000000000000,Double
557,0.642193,0,0.000000000000000000,nar,0.000000000000000000,Double
558,0.131485,0,0.000000000000000000,nar,0.000000000000000000,Double
559,0.163764,0,0.000000000000000000,nar,0.000000000000000000,Double
560,0.374637,0,0.000000000000000000,nar,0.000000000000000000,Double
561,0.4972,0,0.000000000000000000,nar,0.000000000000000000,Double
562,0.320633,0,0.000000000000000000,nar,0.000000000000000000,Double
563,0.668834,0,0.000000000000000000,nar,0.000000000000000000,Double
564,0.860715,0,0.000000000000000000,nar,0.000000000000000000,Double
565,0.637736,0,0.000000000000000000,nar,0.000000000000000000,Double
566,0.155208,0,0.000000000000000000,nar,0.000000000000000000,Double
567,0.396554,0,0.000000000000000000,nar,0.000000000000000000,Double
568,0.638228,0,0.000000000000000000,nar,0.000000000000000000,Double
569,0.404274,0,0.000000000000000000,nar,0.000000000000000000,Double
570,0.199009,0,0.000000000000000000,nar,0.000000000000000000,Double
571,0.559698,0,0.000000000000000000,nar,0.000000000000000000,Double
572,0.94636,0,0.000000000000000000,nar,0.000000000000000000,Double
573,0.803097,0,0.000000000000000000,nar,0.000000000000000000,Double
574,0.148634,0,0.000000000000000000,nar,0.000000000000000000,Double
575,0.734236,0,0.000000000000000000,nar,0.000000000000000000,Double
576,0.367757,0,0.000000000000000000,nar,0.000000000000000000,Double
577,0.817353,0,0.000000000000000000,nar,0.000000000000000000,Double
578,0.785687,0,0.000000000000000000,nar,0.000000000000000000,Double
579,0.192276,0,0.000000000000000000,nar,0.000000000000000000,Double
580,0.767192,0,0.000000000000000000,nar,0.000000000000000000,Double
581,0.327795,0,0.000000000000000000,nar,0.000000000000000000,Double
582,0.480681,0,0.000000000000000000,nar,0.000000000000000000,Double
583,0.516972,0,0.000000000000000000,nar,0.000000000000000000,Double
584,0.871059,0,0.000000000000000000,nar,0.000000000000000000,Double
585,0.270747,0,0.000000000000000000,nar,0.000000000000000000,Double
586,0.945206,0,0.000000000000000000,nar,0.000000000000000000,Double
587,0.541327,0,0.000000000000000000,nar,0.000000000000000000,Double
588,0.593214,0,0.000000000000000000,nar,0.000000000000000000,Double
589,0.205489,0,0.000000000000000000,nar,0.000000000000000000,Double
590,0.613176,0,0.000000000000000000,nar,0.000000000000000000,Double
591,0.487992,0,0.000000000000000000,nar,0.000000000000000000,Double
592,0.259946,0,0.000000000000000000,nar,0.000000000000000000,Double
593,0.737717,0,0.000000000000000000,nar,0.000000000000000000,Double
594,0.425009,0,0.000000000000000000,nar,0.000000000000000000,Double
595,0.973123,0,0.000000000000000000,nar,0.000000000000000000,Double
596,0.267833,0,0.000000000000000000,nar,0.000000000000000000,Double
597,0.182299,0,0.000000000000000000,nar,0.000000000000000000,Double
598,0.707825,0,0.000000000000000000,nar,0.000000000000000000,Double
599,0.85189,0,0.000000000000000000,nar,0.000000000000000000,Double
600,0.254414,0,0.000000000000000000,nar,0.000000000000000000,Double
601,0.674561,0,0.000000000000000000,nar,0.000000000000000000,Double
602,0.428103,0,0.000000000000000000,nar,0.000000000000000000,Double
603,0.81317,0,0.000000000000000000,nar,0.000000000000000000,Double
604,0.1841,0,0.000000000000000000,nar,0.000000000000000000,Double
605,0.576735,0,0.000000000000000000,nar,0.000000000000000000,Double
606,0.733087,0,0.000000000000000000,nar,0.000000000000000000,Double
607,0.469634,0,0.000000000000000000,nar,0.000000000000000000,Double
608,0.974289,0,0.000000000000000000,nar,0.000000000000000000,Double
609,0.984992,0,0.000000000000000000,nar,0.000000000000000000,Double
610,0.794221,0,0.000000000000000000,nar,0.000000000000000000,Double
611,0.546392,0,0.000000000000000000,nar,0.000000000000000000,Double
612,0.748103,0,0.000000000000000000,nar,0.000000000000000000,Double
613,0.810299,0,0.000000000000000000,nar,0.000000000000000000,Double
614,0.740962,0,0.000000000000000000,nar,0.000000000000000000,Double
615,0.0527272,0,0.000000000000000000,nar,0.000000000000000000,Double
616,0.500882,0,0.000000000000000000,nar,0.000000000000000000,Double
617,0.410903,0,0.000000000000000000,nar,0.000000000000000000,Double
618,0.209491,0,0.000000000000000000,nar,0.000000000000000000,Double
619,0.588404,0,0.000000000000000000,nar,0.000000000000000000,Double
620,0.114901,0,0.000000000000000000,nar,0.000000000000000000,Double
621,0.102918,0,0.000000000000000000,nar,0.000000000000000000,Double
622,0.727486,0,0.000000000000000000,nar,0.000000000000000000,Double
623,0.542977,0,0.000000000000000000,nar,0.000000000000000000,Double
624,0.0685862,0,0.000000000000000000,nar,0.000000000000000000,Double
625,0.597666,0,0.000000000000000000,nar,0.000000000000000000,Double
626,0.303221,0,0.000000000000000000,nar,0.000000000000000000,Double
627,0.653913,0,0.000000000000000000,nar,0.000000000000000000,Double
628,0.227341,0,0.000000000000000000,nar,0.000000000000000000,Double
629,0.803514,0,0.000000000000000000,nar,0.000000000000000000,Double
630,0.460208,0,0.000000000000000000,nar,0.000000000000000000,Double
631,0.908013,0,0.000000000000000000,nar,0.000000000000000000,Double
632,0.413031,0,0.000000000000000000,nar,0.000000000000000000,Double
633,0.589913,0,0.000000000000000000,nar,0.000000000000000000,Double
634,0.653248,0,0.000000000000000000,nar,0.000000000000000000,Double
635,0.381075,0,0.000000000000000000,nar,0.000000000000000000,Double
636,0.813069,0,0.000000000000000000,nar,0.000000000000000000,Double
637,0.528734,0,0.000000000000000000,nar,0.000000000000000000,Double
638,0.878739,0,0.000000000000000000,nar,0.000000000000000000,Double
639,0.987117,0,0.000000000000000000,nar,0.000000000000000000,Double
640,0.175922,0,0.000000000000000000,nar,0.000000000000000000,Double
641,0.527159,0,0.000000000000000000,nar,0.000000000000000000,Double
642,0.318013,0,0.000000000000000000,nar,0.000000000000000000,Double
643,0.698153,0,0.000000000000000000,nar,0.000000000000000000,Double
644,0.986288,0,0.000000000000000000,nar,0.000000000000000000,Double
645,0.796492,0,0.000000000000000000,nar,0.000000000000000000,Double
646,0.366724,0,0.000000000000000000,nar,0.000000000000000000,Double
647,0.531122,0,0.000000000000000000,nar,0.000000000000000000,Double
648,0.347645,0,0.000000000000000000,nar,0.000000000000000000,Double
649,0.921662,0,0.000000000000000000,nar,0.000000000000000000,Double
650,0.235956,0,0.000000000000000000,nar,0.000000000000000000,Double
651,0.815181,0,0.000000000000000000,nar,0.000000000000000000,Double
652,0.279771,0,0.000000000000000000,nar,0.000000000000000000,Double
653,0.321239,0,0.000000000000000000,nar,0.000000000000000000,Double
654,0.453929,0,0.000000000000000000,nar,0.000000000000000000,Double
655,0.70376,0,0.000000000000000000,nar,0.000000000000000000,Double
656,0.0403052,0,0.000000000000000000,nar,0.000000000000000000,Double
657,0.404469,0,0.000000000000000000,nar,0.000000000000000000,Double
658,0.339307,0,0.000000000000000000,nar,0.000000000000000000,Double
659,0.643525,0,0.000000000000000000,nar,0.000000000000000000,Double
660,0.889339,0,0.000000000000000000,nar,0.000000000000000000,Double
661,0.789225,0,0.000000000000000000,nar,0.000000000000000000,Double
662,0.599276,0,0.000000000000000000,nar,0.000000000000000000,Double
663,0.99978,0,0.000000000000000000,nar,0.000000000000000000,Double
664,0.892833,0,0.000000000000000000,nar,0.000000000000000000,Double
665,0.402114,0,0.000000000000000000,nar,0.000000000000000000,Double
666,0.171364,0,0.000000000000000000,nar,0.000000000000000000,Double
667,0.49785,0,0.000000000000000000,nar,0.000000000000000000,Double
668,0.282228,0,0.000000000000000000,nar,0.000000000000000000,Double
669,0.905621,0,0.000000000000000000,nar,0.000000000000000000,Double
670,0.296703,0,0.000000000000000000,nar,0.000000000000000000,Double
671,0.796247,0,0.000000000000000000,nar,0.000000000000000000,Double
672,0.451844,0,0.000000000000000000,nar,0.000000000000000000,Double
673,0.410192,0,0.000000000000000000,nar,0.000000000000000000,Double
674,0.381092,0,0.000000000000000000,nar,0.000000000000000000,Double
675,0.272296,0,0.000000000000000000,nar,0.000000000000000000,Double
676,0.427119,0,0.000000000000000000,nar,0.000000000000000000,Double
677,0.567454,0,0.000000000000000000,nar,0.000000000000000000,Double
678,0.67413,0,0.000000000000000000,nar,0.000000000000000000,Double
679,0.0728124,0,0.000000000000000000,nar,0.000000000000000000,Double
680,0.0683909,0,0.000000000000000000,nar,0.000000000000000000,Double
681,0.522442,0,0.000000000000000000,nar,0.000000000000000000,Double
682,0.619787,0,0.000000000000000000,nar,0.000000000000000000,Double
683,0.832022,0,0.000000000000000000,nar,0.000000000000000000,Double
684,0.695713,0,0.000000000000000000,nar,0.000000000000000000,Double
685,0.746696,0,0.000000000000000000,nar,0.000000000000000000,Double
686,0.581107,0,0.000000000000000000,nar,0.000000000000000000,Double
687,0.266523,0,0.000000000000000000,nar,0.000000000000000000,Double
688,0.932985,0,0.000000000000000000,nar,0.000000000000000000,Double
689,0.539882,0,0.000000000000000000,nar,0.000000000000000000,Double
690,0.62326,0,0.000000000000000000,nar,0.000000000000000000,Double
691,0.269286,0,0.000000000000000000,nar,0.000000000000000000,Double
692,0.266932,0,0.000000000000000000,nar,0.000000000000000000,Double
693,0.778048,0,0.000000000000000000,nar,0.000000000000000000,Double
694,0.568725,0,0.000000000000000000,nar,0.000000000000000000,Double
695,0.0227692,0,0.000000000000000000,nar,0.000000000000000000,Double
696,0.478069,0,0.000000000000000000,nar,0.000000000000000000,Double
697,0.566029,0,0.000000000000000000,nar,0.000000000000000000,Double
698,0.987315,0,0.000000000000000000,nar,0.000000000000000000,Double
699,0.42022,0,0.000000000000000000,nar,0.000000000000000000,Double
700,0.083818,0,0.000000000000000000,nar,0.000000000000000000,Double
701,0.276684,0,0.000000000000000000,nar,0.000000000000000000,Double
702,0.105958,0,0.000000000000000000,nar,0.000000000000000000,Double
703,0.566394,0,0.000000000000000000,nar,0.000000000000000000,Double
704,0.190133,0,0.000000000000000000,nar,0.000000000000000000,Double
705,0.0408552,0,0.000000000000000000,nar,0.000000000000000000,Double
706,0.993146,0,0.000000000000000000,nar,0.000000000000000000,Double
707,0.441349,0,0.000000000000000000,nar,0.000000000000000000,Double
708,0.885979,0,0.000000000000000000,nar,0.000000000000000000,Double
709,0.405714,0,0.000000000000000000,nar,0.000000000000000000,Double
710,0.253056,0,0.000000000000000000,nar,0.000000000000000000,Double
711,0.0279742,0,0.000000000000000000,nar,0.000000000000000000,Double
712,0.334408,0,0.000000000000000000,nar,0.000000000000000000,Double
713,0.713942,0,0.000000000000000000,nar,0.000000000000000000,Double
714,0.46147,0,0.000000000000000000,nar,0.000000000000000000,Double
715,0.825578,0,0.000000000000000000,nar,0.000000000000000000,Double
716,0.731783,0,0.000000000000000000,nar,0.000000000000000000,Double
717,0.284885,0,0.000000000000000000,nar,0.000000000000000000,Double
718,0.960704,0,0.000000000000000000,nar,0.000000000000000000,Double
719,0.483358,0,0.000000000000000000,nar,0.000000000000000000,Double
720,0.111194,0,0.000000000000000000,nar,0.000000000000000000,Double
721,0.588456,0,0.000000000000000000,nar,0.000000000000000000,Double
722,0.0339966,0,0.000000000000000000,nar,0.000000000000000000,Double
723,0.847822,0,0.000000000000000000,nar,0.000000000000000000,Double
724,0.457492,0,0.000000000000000000,nar,0.000000000000000000,Double
725,0.339122,0,0.000000000000000000,nar,0.000000000000000000,Double
726,0.183599,0,0.000000000000000000,nar,0.000000000000000000,Double
727,0.0904317,0,0.000000000000000000,nar,0.000000000000000000,Double
728,0.404446,0,0.000000000000000000,nar,0.000000000000000000,Double
729,0.993946,0,0.000000000000000000,nar,0.000000000000000000,Double
730,0.621647,0,0.000000000000000000,nar,0.000000000000000000,Double
731,0.535339,0,0.000000000000000000,nar,0.000000000000000000,Double
732,0.373132,0,0.000000000000000000,nar,0.000000000000000000,Double
733,0.915553,0,0.000000000000000000,nar,0.000000000000000000,Double
734,0.88538,0,0.000000000000000000,nar,0.000000000000000000,Double
735,0.684415,0,0.000000000000000000,nar,0.000000000000000000,Double
736,0.156685,0,0.000000000000000000,nar,0.000000000000000000,Double
737,0.491913,0,0.000000000000000000,nar,0.000000000000000000,Double
738,0.421492,0,0.000000000000000000,nar,0.000000000000000000,Double
739,0.220828,0,0.000000000000000000,nar,0.000000000000000000,Double
740,0.570606,0,0.000000000000000000,nar,0.000000000000000000,Double
741,0.860329,0,0.000000000000000000,nar,0.000000000000000000,Double
742,0.450713,0,0.000000000000000000,nar,0.000000000000000000,Double
743,0.399386,0,0.000000000000000000,nar,0.000000000000000000,Double
744,0.136696,0,0.000000000000000000,nar,0.000000000000000000,Double
745,0.208552,0,0.000000000000000000,nar,0.000000000000000000,Double
746,0.913932,0,0.000000000000000000,nar,0.000000000000000000,Double
747,0.112302,0,0.000000000000000000,nar,0.000000000000000000,Double
748,0.323252,0,0.000000000000000000,nar,0.000000000000000000,Double
749,0.936955,0,0.000000000000000000,nar,0.000000000000000000,Double
750,0.846087,0,0.000000000000000000,nar,0.000000000000000000,Double
751,0.670347,0,0.000000000000000000,nar,0.000000000000000000,Double
752,0.0835561,0,0.000000000000000000,nar,0.000000000000000000,Double
753,0.31591,0,0.000000000000000000,nar,0.000000000000000000,Double
754,0.133235,0,0.000000000000000000,nar,0.000000000000000000,Double
755,0.0262847,0,0.000000000000000000,nar,0.000000000000000000,Double
756,0.345069,0,0.000000000000000000,nar,0.000000000000000000,Double
757,0.214707,0,0.000000000000000000,nar,0.000000000000000000,Double
758,0.990626,0,0.000000000000000000,nar,0.000000000000000000,Double
759,0.00971055,0,0.000000000000000000,nar,0.000000000000000000,Double
760,0.475348,0,0.000000000000000000,nar,0.000000000000000000,Double
761,0.0786256,0,0.000000000000000000,nar,0.000000000000000000,Double
762,0.879244,0,0.000000000000000000,nar,0.000000000000000000,Double
763,0.737469,0,0.000000000000000000,nar,0.000000000000000000,Double
764,0.201768,0,0.000000000000000000,nar,0.000000000000000000,Double
765,0.888323,0,0.000000000000000000,nar,0.000000000000000000,Double
766,0.24615,0,0.000000000000000000,nar,0.000000000000000000,Double
767,0.531863,0,0.000000000000000000,nar,0.000000000000000000,Double
768,0.0650367,0,0.000000000000000000,nar,0.000000000000000000,Double
769,0.901592,0,0.000000000000000000,nar,0.000000000000000000,Double
770,0.749631,0,0.000000000000000000,nar,0.000000000000000000,Double
771,0.789831,0,0.000000000000000000,nar,0.000000000000000000,Double
772,0.0814488,0,0.000000000000000000,nar,0.000000000000000000,Double
773,0.764492,0,0.000000000000000000,nar,0.000000000000000000,Double
774,0.979434,0,0.000000000000000000,nar,0.000000000000000000,Double
775,0.434359,0,0.000000000000000000,nar,0.000000000000000000,Double
776,0.327491,0,0.000000000000000000,nar,0.000000000000000000,Double
777,0.445121,0,0.000000000000000000,nar,0.000000000000000000,Double
778,0.980736,0,0.000000000000000000,nar,0.000000000000000000,Double
779,0.0565494,0,0.000000000000000000,nar,0.000000000000000000,Double
780,0.0808849,0,0.000000000000000000,nar,0.000000000000000000,Double
781,0.176306,0,0.000000000000000000,nar,0.000000000000000000,Double
782,0.0111372,0,0.000000000000000000,nar,0.000000000000000000,Double
783,0.1639,0,0.000000000000000000,nar,0.000000000000000000,Double
784,0.00681504,0,0.000000000000000000,nar,0.000000000000000000,Double
785,0.357866,0,0.000000000000000000,nar,0.000000000000000000,Double
786,0.894705,0,0.000000000000000000,nar,0.000000000000000000,Double
787,0.311634,0,0.000000000000000000,nar,0.000000000000000000,Double
788,0.99778,0,0.000000000000000000,nar,0.000000000000000000,Double
789,0.537843,0,0.000000000000000000,nar,0.000000000000000000,Double
790,0.526839,0,0.000000000000000000,nar,0.000000000000000000,Double
791,0.30457,0,0.000000000000000000,nar,0.000000000000000000,Double
792,0.672018,0,0.000000000000000000,nar,0.000000000000000000,Double
793,0.29688,0,0.000000000000000000,nar,0.000000000000000000,Double
794,0.206344,0,0.000000000000000000,nar,0.000000000000000000,Double
795,0.320984,0,0.000000000000000000,nar,0.000000000000000000,Double
796,0.690257,0,0.000000000000000000,nar,0.000000000000000000,Double
797,0.397211,0,0.000000000000000000,nar,0.000000000000000000,Double
798,0.357246,0,0.000000000000000000,nar,0.000000000000000000,Double
799,0.490791,0,0.000000000000000000,nar,0.000000000000000000,Double
800,0.495242,0,0.000000000000000000,nar,0.000000000000000000,Double
801,0.217562,0,0.000000000000000000,nar,0.000000000000000000,Double
802,0.744107,0,0.000000000000000000,nar,0.000000000000000000,Double
803,0.870558,0,0.000000000000000000,nar,0.000000000000000000,Double
804,0.602281,0,0.000000000000000000,nar,0.000000000000000000,Double
805,0.396233,0,0.000000000000000000,nar,0.000000000000000000,Double
806,0.17319,0,0.000000000000000000,nar,0.000000000000000000,Double
807,0.901497,0,0.000000000000000000,nar,0.000000000000000000,Double
808,0.908582,0,0.000000000000000000,nar,0.000000000000000000,Double
809,0.898461,0,0.000000000000000000,nar,0.000000000000000000,Double
810,0.563564,0,0.000000000000000000,nar,0.000000000000000000,Double
811,0.762623,0,0.000000000000000000,nar,0.000000000000000000,Double
812,0.263434,0,0.000000000000000000,nar,0.000000000000000000,Double
813,0.062742,0,0.000000000000000000,nar,0.000000000000000000,Double
814,0.923992,0,0.000000000000000000,nar,0.000000000000000000,Double
815,0.00642608,0,0.000000000000000000,nar,0.000000000000000000,Double
816,0.992619,0,0.000000000000000000,nar,0.000000000000000000,Double
817,0.239287,0,0.000000000000000000,nar,0.000000000000000000,Double
818,0.359846,0,0.000000000000000000,nar,0.000000000000000000,Double
819,0.23348,0,0.000000000000000000,nar,0.000000000000000000,Double
820,0.992171,0,0.000000000000000000,nar,0.000000000000000000,Double
821,0.220679,0,0.000000000000000000,nar,0.000000000000000000,Double
822,0.51871,0,0.000000000000000000,nar,0.000000000000000000,Double
823,0.780924,0,0.000000000000000000,nar,0.000000000000000000,Double
824,0.0114926,0,0.000000000000000000,nar,0.000000000000000000,Double
825,0.285305,0,0.000000000000000000,nar,0.000000000000000000,Double
826,0.0285566,0,0.000000000000000000,nar,0.000000000000000000,Double
827,0.360785,0,0.000000000000000000,nar,0.000000000000000000,Double
828,0.71851,0,0.000000000000000000,nar,0.000000000000000000,Double
829,0.991736,0,0.000000000000000000,nar,0.000000000000000000,Double
830,0.751851,0,0.000000000000000000,nar,0.000000000000000000,Double
831,0.657066,0,0.000000000000000000,nar,0.000000000000000000,Double
832,0.0410462,0,0.000000000000000000,nar,0.000000000000000000,Double
833,0.240878,0,0.000000000000000000,nar,0.000000000000000000,Double
834,0.860978,0,0.000000000000000000,nar,0.000000000000000000,Double
835,0.297983,0,0.000000000000000000,nar,0.000000000000000000,Double
836,0.864929,0,0.000000000000000000,nar,0.000000000000000000,Double
837,0.212679,0,0.000000000000000000,nar,0.000000000000000000,Double
838,0.397406,0,0.000000000000000000,nar,0.000000000000000000,Double
839,0.213802,0,0.000000000000000000,nar,0.000000000000000000,Double
840,0.643306,0,0.000000000000000000,nar,0.000000000000000000,Double
841,0.157952,0,0.000000000000000000,nar,0.000000000000000000,Double
842,0.819586,0,0.000000000000000000,nar,0.000000000000000000,Double
843,0.716634,0,0.000000000000000000,nar,0.000000000000000000,Double
844,0.73361,0,0.000000000000000000,nar,0.000000000000000000,Double
845,0.483458,0,0.000000000000000000,nar,0.000000000000000000,Double
846,0.12562,0,0.000000000000000000,nar,0.000000000000000000,Double
847,0.79395,0,0.000000000000000000,nar,0.000000000000000000,Double
848,0.616301,0,0.000000000000000000,nar,0.000000000000000000,Double
849,0.328881,0,0.000000000000000000,nar,0.000000000000000000,Double
850,0.215749,0,0.000000000000000000,nar,0.000000000000000000,Double
851,0.306776,0,0.000000000000000000,nar,0.000000000000000000,Double
852,0.930909,0,0.000000000000000000,nar,0.000000000000000000,Double
853,0.976912,0,0.000000000000000000,nar,0.000000000000000000,Double
854,0.830891,0,0.000000000000000000,nar,0.000000000000000000,Double
855,0.484647,0,0.000000000000000000,nar,0.000000000000000000,Double
856,0.409049,0,0.000000000000000000,nar,0.000000000000000000,Double
857,0.953137,0,0.000000000000000000,nar,0.000000000000000000,Double
858,0.819251,0,0.000000000000000000,nar,0.000000000000000000,Double
859,0.5577,0,0.000000000000000000,nar,0.000000000000000000,Double
860,0.112699,0,0.000000000000000000,nar,0.000000000000000000,Double
861,0.220399,0,0.000000000000000000,nar,0.000000000000000000,Double
862,0.530182,0,0.000000000000000000,nar,0.000000000000000000,Double
863,0.505334,0,0.000000000000000000,nar,0.000000000000000000,Double
864,0.253244,0,0.000000000000000000,nar,0.000000000000000000,Double
865,0.942927,0,0.000000000000000000,nar,0.000000000000000000,Double
866,0.798638,0,0.000000000000000000,nar,0.000000000000000000,Double
867,0.396759,0,0.000000000000000000,nar,0.000000000000000000,Double
868,0.0362442,0,0.000000000000000000,nar,0.000000000000000000,Double
869,0.945505,0,0.000000000000000000,nar,0.000000000000000000,Double
870,0.732805,0,0.000000000000000000,nar,0.000000000000000000,Double
871,0.577547,0,0.000000000000000000,nar,0.000000000000000000,Double
872,0.380166,0,0.000000000000000000,nar,0.000000000000000000,Double
873,0.463675,0,0.000000000000000000,nar,0.000000000000000000,Double
874,0.865035,0,0.000000000000000000,nar,0.000000000000000000,Double
875,0.916339,0,0.000000000000000000,nar,0.000000000000000000,Double
876,0.682909,0,0.000000000000000000,nar,0.000000000000000000,Double
877,0.697821,0,0.000000000000000000,nar,0.000000000000000000,Double
878,0.301219,0,0.000000000000000000,nar,0.000000000000000000,Double
879,0.801091,0,0.000000000000000000,nar,0.000000000000000000,Double
880,0.293995,0,0.000000000000000000,nar,0.000000000000000000,Double
881,0.368383,0,0.000000000000000000,nar,0.000000000000000000,Double
882,0.625006,0,0.000000000000000000,nar,0.000000000000000000,Double
883,0.230713,0,0.000000000000000000,nar,0.000000000000000000,Double
884,0.954095,0,0.000000000000000000,nar,0.000000000000000000,Double
885,0.599933,0,0.000000000000000000,nar,0.000000000000000000,Double
886,0.380495,0,0.000000000000000000,nar,0.000000000000000000,Double
887,0.799129,0,0.000000000000000000,nar,0.000000000000000000,Double
888,0.245945,0,0.000000000000000000,nar,0.000000000000000000,Double
889,0.581063,0,0.000000000000000000,nar,0.000000000000000000,Double
890,0.555332,0,0.000000000000000000,nar,0.000000000000000000,Double
891,0.723475,0,0.000000000000000000,nar,0.000000000000000000,Double
892,0.792443,0,0.000000000000000000,nar,0.000000000000000000,Double
893,0.433216,0,0.000000000000000000,nar,0.000000000000000000,Double
894,0.065707,0,0.000000000000000000,nar,0.000000000000000000,Double
895,0.575304,0,0.000000000000000000,nar,0.000000000000000000,Double
896,0.544422,0,0.000000000000000000,nar,0.000000000000000000,Double
897,0.29218,0,0.000000000000000000,nar,0.000000000000000000,Double
898,0.527396,0,0.000000000000000000,nar,0.000000000000000000,Double
899,0.760752,0,0.000000000000000000,nar,0.000000000000000000,Double
900,0.369514,0,0.000000000000000000,nar,0.000000000000000000,Double
901,0.682763,0,0.000000000000000000,nar,0.000000000000000000,Double
902,0.794253,0,0.000000000000000000,nar,0.000000000000000000,Double
903,0.00586634,0,0.000000000000000000,nar,0.000000000000000000,Double
904,0.407643,0,0.000000000000000000,nar,0.000000000000000000,Double
905,0.16669,0,0.000000000000000000,nar,0.000000000000000000,Double
906,0.217257,0,0.000000000000000000,nar,0.000000000000000000,Double
907,0.105723,0,0.000000000000000000,nar,0.000000000000000000,Double
908,0.998613,0,0.000000000000000000,nar,0.000000000000000000,Double
909,0.121207,0,0.000000000000000000,nar,0.000000000000000000,Double
910,0.444784,0,0.000000000000000000,nar,0.000000000000000000,Double
911,0.753093,0,0.000000000000000000,nar,0.000000000000000000,Double
912,0.643807,0,0.000000000000000000,nar,0.000000000000000000,Double
913,0.223365,0,0.000000000000000000,nar,0.000000000000000000,Double
914,0.244456,0,0.000000000000000000,nar,0.000000000000000000,Double
915,0.386281,0,0.000000000000000000,nar,0.000000000000000000,Double
916,0.984545,0,0.000000000000000000,nar,0.000000000000000000,Double
917,0.713674,0,0.000000000000000000,nar,0.000000000000000000,Double
918,0.98098,0,0.000000000000000000,nar,0.000000000000000000,Double
919,0.566659,0,0.000000000000000000,nar,0.000000000000000000,Double
920,0.110765,0,0.000000000000000000,nar,0.000000000000000000,Double
921,0.41881,0,0.000000000000000000,nar,0.000000000000000000,Double
922,0.948914,0,0.000000000000000000,nar,0.000000000000000000,Double
923,0.839779,0,0.000000000000000000,nar,0.000000000000000000,Double
924,0.89908,0,0.000000000000000000,nar,0.000000000000000000,Double
925,0.514043,0,0.000000000000000000,nar,0.000000000000000000,Double
926,0.503836,0,0.000000000000000000,nar,0.000000000000000000,Double
927,0.129545,0,0.000000000000000000,nar,0.000000000000000000,Double
928,0.000734685,0,0.000000000000000000,nar,0.000000000000000000,Double
929,0.486217,0,0.000000000000000000,nar,0.000000000000000000,Double
930,0.836443,0,0.000000000000000000,nar,0.000000000000000000,Double
931,0.629767,0,0.000000000000000000,nar,0.000000000000000000,Double
932,0.930341,0,0.000000000000000000,nar,0.000000000000000000,Double
933,0.959532,0,0.000000000000000000,nar,0.000000000000000000,Double
934,0.210665,0,0.000000000000000000,nar,0.000000000000000000,Double
935,0.467835,0,0.000000000000000000,nar,0.000000000000000000,Double
936,0.414193,0,0.000000000000000000,nar,0.000000000000000000,Double
937,0.359805,0,0.000000000000000000,nar,0.000000000000000000,Double
938,0.136605,0,0.000000000000000000,nar,0.000000000000000000,Double
939,0.76975,0,0.000000000000000000,nar,0.000000000000000000,Double
940,0.427785,0,0.000000000000000000,nar,0.000000000000000000,Double
941,0.993504,0,0.000000000000000000,nar,0.000000000000000000,Double
942,0.881733,0,0.000000000000000000,nar,0.000000000000000000,Double
943,0.982279,0,0.000000000000000000,nar,0.000000000000000000,Double
944,0.965157,0,0.000000000000000000,nar,0.000000000000000000,Double
945,0.418156,0,0.000000000000000000,nar,0.000000000000000000,Double
946,0.851117,0,0.000000000000000000,nar,0.000000000000000000,Double
947,0.325792,0,0.000000000000000000,nar,0.000000000000000000,Double
948,0.240238,0,0.000000000000000000,nar,0.000000000000000000,Double
949,0.712124,0,0.000000000000000000,nar,0.000000000000000000,Double
950,0.553872,0,0.000000000000000000,nar,0.000000000000000000,Double
951,0.775269,0,0.000000000000000000,nar,0.000000000000000000,Double
952,0.120848,0,0.000000000000000000,nar,0.000000000000000000,Double
953,0.151549,0,0.000000000000000000,nar,0.000000000000000000,Double
954,0.472543,0,0.000000000000000000,nar,0.000000000000000000,Double
955,0.581121,0,0.000000000000000000,nar,0.000000000000000000,Double
956,0.206941,0,0.000000000000000000,nar,0.000000000000000000,Double
957,0.497207,0,0.000000000000000000,nar,0.000000000000000000,Double
958,0.459835,0,0.000000000000000000,nar,0.000000000000000000,Double
959,0.201559,0,0.000000000000000000,nar,0.000000000000000000,Double
960,0.666523,0,0.000000000000000000,nar,0.000000000000000000,Double
961,0.640487,0,0.000000000000000000,nar,0.000000000000000000,Double
962,0.0252706,0,0.000000000000000000,nar,0.000000000000000000,Double
963,0.677972,0,0.000000000000000000,nar,0.000000000000000000,Double
964,0.689052,0,0.000000000000000000,nar,0.000000000000000000,Double
965,0.446174,0,0.000000000000000000,nar,0.000000000000000000,Double
966,0.769966,0,0.000000000000000000,nar,0.000000000000000000,Double
967,0.968953,0,0.000000000000000000,nar,0.000000000000000000,Double
968,0.190094,0,0.000000000000000000,nar,0.000000000000000000,Double
969,0.533915,0,0.000000000000000000,nar,0.000000000000000000,Double
970,0.438892,0,0.000000000000000000,nar,0.000000000000000000,Double
971,0.822737,0,0.000000000000000000,nar,0.000000000000000000,Double
972,0.000777486,0,0.000000000000000000,nar,0.000000000000000000,Double
973,0.0448847,0,0.000000000000000000,nar,0.000000000000000000,Double
974,0.614094,0,0.000000000000000000,nar,0.000000000000000000,Double
975,0.19037,0,0.000000000000000000,nar,0.000000000000000000,Double
976,0.0155253,0,0.000000000000000000,nar,0.000000000000000000,Double
977,0.781227,0,0.000000000000000000,nar,0.000000000000000000,Double
978,0.226306,0,0.000000000000000000,nar,0.000000000000000000,Double
979,0.512708,0,0.000000000000000000,nar,0.000000000000000000,Double
980,0.775992,0,0.000000000000000000,nar,0.000000000000000000,Double
981,0.0870713,0,0.000000000000000000,nar,0.000000000000000000,Double
982,0.836896,0,0.000000000000000000,nar,0.000000000000000000,Double
983,0.48357,0,0.000000000000000000,nar,0.000000000000000000,Double
984,0.376511,0,0.000000000000000000,nar,0.000000000000000000,Double
985,0.126185,0,0.000000000000000000,nar,0.000000000000000000,Double
986,0.825513,0,0.000000000000000000,nar,0.000000000000000000,Double
987,0.895818,0,0.000000000000000000,nar,0.000000000000000000,Double
988,0.196075,0,0.000000000000000000,nar,0.000000000000000000,Double
989,0.383848,0,0.000000000000000000,nar,0.000000000000000000,Double
990,0.695514,0,0.000000000000000000,nar,0.000000000000000000,Double
991,0.069509,0,0.000000000000000000,nar,0.000000000000000000,Double
992,0.268956,0,0.000000000000000000,nar,0.000000000000000000,Double
993,0.822052,0,0.000000000000000000,nar,0.000000000000000000,Double
994,0.936243,0,0.000000000000000000,nar,0.000000000000000000,Double
995,0.290725,0,0.000000000000000000,nar,0.000000000000000000,Double
996,0.76653,0,0.000000000000000000,nar,0.000000000000000000,Double
997,0.493246,0,0.000000000000000000,nar,0.000000000000000000,Double
998,0.557621,0,0.000000000000000000,nar,0.000000000000000000,Double
999,0.947507,0,0.000000000000000000,nar,0.000000000000000000,Double
Posit64RMSE,DoubleRmse
-nan,-nan
